timestamp_utc,container,cpu_percent,mem_mb,host_available_mb,swap_used_mb,queue_waiting,queue_in_progress
2026-10-01T07:30:29+00:00,ocr_api-ocr_worker_1-1,0.0,314.1,1040.2,3681.9,0,0
2026-10-01T07:30:29+00:00,ocr_api,4.0,16.3,1040.2,3681.9,0,0
2026-10-01T07:30:29+00:00,ocr_postgres,5.6,17.4,1040.2,3681.9,0,0
2026-10-01T07:30:29+00:00,ocr_redis,0.7,3.0,1040.2,3681.9,0,0
2026-10-01T07:30:29+00:00,ocr_cron,0.0,81.8,1040.2,3681.9,0,0
2026-10-01T07:30:33+00:00,ocr_api-ocr_worker_1-1,231.3,342.5,907.6,3936.2,1,3
2026-10-01T07:30:33+00:00,ocr_api,1.3,18.7,907.6,3936.2,1,3
2026-10-01T07:30:33+00:00,ocr_postgres,0.4,16.3,907.6,3936.2,1,3
2026-10-01T07:30:33+00:00,ocr_redis,0.6,3.3,907.6,3936.2,1,3
2026-10-01T07:30:33+00:00,ocr_cron,0.0,10.8,907.6,3936.2,1,3
2026-10-01T07:30:37+00:00,ocr_api-ocr_worker_1-1,105.3,1212.4,157.1,4095.7,5,3
2026-10-01T07:30:37+00:00,ocr_api,1.5,17.7,157.1,4095.7,5,3
2026-10-01T07:30:37+00:00,ocr_postgres,0.3,12.5,157.1,4095.7,5,3
2026-10-01T07:30:37+00:00,ocr_redis,0.6,4.1,157.1,4095.7,5,3
2026-10-01T07:30:37+00:00,ocr_cron,0.0,3.4,157.1,4095.7,5,3
2026-10-01T07:30:41+00:00,ocr_api-ocr_worker_1-1,241.4,501.7,810.1,4088.6,7,3
2026-10-01T07:30:41+00:00,ocr_api,0.5,21.5,810.1,4088.6,7,3
2026-10-01T07:30:41+00:00,ocr_postgres,0.1,34.9,810.1,4088.6,7,3
2026-10-01T07:30:41+00:00,ocr_redis,2.7,4.4,810.1,4088.6,7,3
2026-10-01T07:30:41+00:00,ocr_cron,0.0,2.1,810.1,4088.6,7,3
2026-10-01T07:30:46+00:00,ocr_api-ocr_worker_1-1,168.5,758.5,654.4,4003.9,7,3
2026-10-01T07:30:46+00:00,ocr_api,0.9,21.7,654.4,4003.9,7,3
2026-10-01T07:30:46+00:00,ocr_postgres,0.2,35.5,654.4,4003.9,7,3
2026-10-01T07:30:46+00:00,ocr_redis,0.7,4.2,654.4,4003.9,7,3
2026-10-01T07:30:46+00:00,ocr_cron,0.0,2.1,654.4,4003.9,7,3
2026-10-01T07:30:50+00:00,ocr_api-ocr_worker_1-1,257.2,638.3,448.8,3958.4,7,3
2026-10-01T07:30:50+00:00,ocr_api,1.3,22.3,448.8,3958.4,7,3
2026-10-01T07:30:50+00:00,ocr_postgres,8.2,35.7,448.8,3958.4,7,3
2026-10-01T07:30:50+00:00,ocr_redis,0.7,4.6,448.8,3958.4,7,3
2026-10-01T07:30:50+00:00,ocr_cron,0.0,2.2,448.8,3958.4,7,3
2026-10-01T07:30:54+00:00,ocr_api-ocr_worker_1-1,349.5,744.5,101.1,4095.8,7,3
2026-10-01T07:30:54+00:00,ocr_api,0.3,24.8,101.1,4095.8,7,3
2026-10-01T07:30:54+00:00,ocr_postgres,4.0,35.5,101.1,4095.8,7,3
2026-10-01T07:30:54+00:00,ocr_redis,0.7,2.4,101.1,4095.8,7,3
2026-10-01T07:30:54+00:00,ocr_cron,0.0,0.7,101.1,4095.8,7,3
2026-10-01T07:30:58+00:00,ocr_api-ocr_worker_1-1,182.5,583.0,455.1,4081.1,7,3
2026-10-01T07:30:58+00:00,ocr_api,0.6,22.4,455.1,4081.1,7,3
2026-10-01T07:30:58+00:00,ocr_postgres,0.7,20.0,455.1,4081.1,7,3
2026-10-01T07:30:58+00:00,ocr_redis,0.6,3.0,455.1,4081.1,7,3
2026-10-01T07:30:58+00:00,ocr_cron,0.0,0.7,455.1,4081.1,7,3
2026-10-01T07:31:02+00:00,ocr_api-ocr_worker_1-1,220.8,522.8,437.6,4023.3,7,3
2026-10-01T07:31:02+00:00,ocr_api,0.4,18.0,437.6,4023.3,7,3
2026-10-01T07:31:02+00:00,ocr_postgres,0.1,13.3,437.6,4023.3,7,3
2026-10-01T07:31:02+00:00,ocr_redis,0.6,5.2,437.6,4023.3,7,3
2026-10-01T07:31:02+00:00,ocr_cron,0.3,0.8,437.6,4023.3,7,3
2026-10-01T07:31:06+00:00,ocr_api-ocr_worker_1-1,283.2,532.9,1364.3,3968.9,7,3
2026-10-01T07:31:06+00:00,ocr_api,0.5,18.1,1364.3,3968.9,7,3
2026-10-01T07:31:06+00:00,ocr_postgres,0.1,15.4,1364.3,3968.9,7,3
2026-10-01T07:31:06+00:00,ocr_redis,0.6,5.5,1364.3,3968.9,7,3
2026-10-01T07:31:06+00:00,ocr_cron,0.0,0.8,1364.3,3968.9,7,3
2026-10-01T07:31:10+00:00,ocr_api-ocr_worker_1-1,243.5,616.8,1353.7,3918.8,7,3
2026-10-01T07:31:10+00:00,ocr_api,0.5,18.1,1353.7,3918.8,7,3
2026-10-01T07:31:10+00:00,ocr_postgres,6.6,15.4,1353.7,3918.8,7,3
2026-10-01T07:31:10+00:00,ocr_redis,0.5,5.2,1353.7,3918.8,7,3
2026-10-01T07:31:10+00:00,ocr_cron,0.0,0.8,1353.7,3918.8,7,3
2026-10-01T07:31:15+00:00,ocr_api-ocr_worker_1-1,288.7,631.4,1086.9,3747.0,7,3
2026-10-01T07:31:15+00:00,ocr_api,0.5,18.1,1086.9,3747.0,7,3
2026-10-01T07:31:15+00:00,ocr_postgres,0.0,15.4,1086.9,3747.0,7,3
2026-10-01T07:31:15+00:00,ocr_redis,0.6,5.2,1086.9,3747.0,7,3
2026-10-01T07:31:15+00:00,ocr_cron,0.0,0.8,1086.9,3747.0,7,3
2026-10-01T07:31:19+00:00,ocr_api-ocr_worker_1-1,282.4,631.4,1074.3,3743.5,7,3
2026-10-01T07:31:19+00:00,ocr_api,0.2,18.1,1074.3,3743.5,7,3
2026-10-01T07:31:19+00:00,ocr_postgres,0.0,15.4,1074.3,3743.5,7,3
2026-10-01T07:31:19+00:00,ocr_redis,0.5,5.5,1074.3,3743.5,7,3
2026-10-01T07:31:19+00:00,ocr_cron,0.0,0.8,1074.3,3743.5,7,3
2026-10-01T07:31:23+00:00,ocr_api-ocr_worker_1-1,300.6,631.6,1081.2,3741.3,7,3
2026-10-01T07:31:23+00:00,ocr_api,0.7,18.1,1081.2,3741.3,7,3
2026-10-01T07:31:23+00:00,ocr_postgres,0.0,15.7,1081.2,3741.3,7,3
2026-10-01T07:31:23+00:00,ocr_redis,0.6,5.2,1081.2,3741.3,7,3
2026-10-01T07:31:23+00:00,ocr_cron,0.0,0.8,1081.2,3741.3,7,3
2026-10-01T07:31:27+00:00,ocr_api-ocr_worker_1-1,271.9,636.3,969.7,3689.7,7,3
2026-10-01T07:31:27+00:00,ocr_api,0.2,18.1,969.7,3689.7,7,3
2026-10-01T07:31:27+00:00,ocr_postgres,0.0,15.7,969.7,3689.7,7,3
2026-10-01T07:31:27+00:00,ocr_redis,3.4,5.2,969.7,3689.7,7,3
2026-10-01T07:31:27+00:00,ocr_cron,0.0,0.8,969.7,3689.7,7,3
2026-10-01T07:31:31+00:00,ocr_api-ocr_worker_1-1,283.4,642.0,931.8,3684.9,7,3
2026-10-01T07:31:31+00:00,ocr_api,0.6,18.1,931.8,3684.9,7,3
2026-10-01T07:31:31+00:00,ocr_postgres,9.0,15.8,931.8,3684.9,7,3
2026-10-01T07:31:31+00:00,ocr_redis,0.6,5.2,931.8,3684.9,7,3
2026-10-01T07:31:31+00:00,ocr_cron,0.0,0.8,931.8,3684.9,7,3
2026-10-01T07:31:35+00:00,ocr_api-ocr_worker_1-1,262.4,647.2,765.4,3676.9,7,3
2026-10-01T07:31:35+00:00,ocr_api,0.3,18.1,765.4,3676.9,7,3
2026-10-01T07:31:35+00:00,ocr_postgres,0.1,15.8,765.4,3676.9,7,3
2026-10-01T07:31:35+00:00,ocr_redis,0.6,5.5,765.4,3676.9,7,3
2026-10-01T07:31:35+00:00,ocr_cron,0.0,0.8,765.4,3676.9,7,3
2026-10-01T07:31:39+00:00,ocr_api-ocr_worker_1-1,295.0,647.4,838.1,3669.6,7,3
2026-10-01T07:31:39+00:00,ocr_api,0.3,18.1,838.1,3669.6,7,3
2026-10-01T07:31:39+00:00,ocr_postgres,0.0,15.8,838.1,3669.6,7,3
2026-10-01T07:31:39+00:00,ocr_redis,0.6,5.2,838.1,3669.6,7,3
2026-10-01T07:31:39+00:00,ocr_cron,0.0,0.8,838.1,3669.6,7,3
2026-10-01T07:31:43+00:00,ocr_api-ocr_worker_1-1,261.1,661.5,836.7,3646.7,7,3
2026-10-01T07:31:43+00:00,ocr_api,0.3,18.1,836.7,3646.7,7,3
2026-10-01T07:31:43+00:00,ocr_postgres,0.1,15.8,836.7,3646.7,7,3
2026-10-01T07:31:43+00:00,ocr_redis,0.6,5.2,836.7,3646.7,7,3
2026-10-01T07:31:43+00:00,ocr_cron,0.0,0.8,836.7,3646.7,7,3
2026-10-01T07:31:47+00:00,ocr_api-ocr_worker_1-1,252.9,662.5,699.4,3631.7,7,3
2026-10-01T07:31:47+00:00,ocr_api,0.4,18.1,699.4,3631.7,7,3
2026-10-01T07:31:47+00:00,ocr_postgres,0.0,15.8,699.4,3631.7,7,3
2026-10-01T07:31:47+00:00,ocr_redis,0.6,5.2,699.4,3631.7,7,3
2026-10-01T07:31:47+00:00,ocr_cron,0.0,0.8,699.4,3631.7,7,3
2026-10-01T07:31:51+00:00,ocr_api-ocr_worker_1-1,301.3,662.5,776.0,3623.4,7,3
2026-10-01T07:31:51+00:00,ocr_api,0.1,18.1,776.0,3623.4,7,3
2026-10-01T07:31:51+00:00,ocr_postgres,7.7,15.8,776.0,3623.4,7,3
2026-10-01T07:31:51+00:00,ocr_redis,0.6,5.3,776.0,3623.4,7,3
2026-10-01T07:31:51+00:00,ocr_cron,0.0,0.8,776.0,3623.4,7,3
2026-10-01T07:31:55+00:00,ocr_api-ocr_worker_1-1,258.9,708.7,673.8,3686.4,7,3
2026-10-01T07:31:55+00:00,ocr_api,0.1,20.1,673.8,3686.4,7,3
2026-10-01T07:31:55+00:00,ocr_postgres,0.0,15.0,673.8,3686.4,7,3
2026-10-01T07:31:55+00:00,ocr_redis,0.6,5.4,673.8,3686.4,7,3
2026-10-01T07:31:55+00:00,ocr_cron,0.0,0.8,673.8,3686.4,7,3
2026-10-01T07:31:59+00:00,ocr_api-ocr_worker_1-1,221.5,709.9,901.5,3808.0,7,3
2026-10-01T07:31:59+00:00,ocr_api,0.2,19.2,901.5,3808.0,7,3
2026-10-01T07:31:59+00:00,ocr_postgres,0.0,13.3,901.5,3808.0,7,3
2026-10-01T07:31:59+00:00,ocr_redis,0.7,5.4,901.5,3808.0,7,3
2026-10-01T07:31:59+00:00,ocr_cron,0.0,0.8,901.5,3808.0,7,3
2026-10-01T07:32:03+00:00,ocr_api-ocr_worker_1-1,266.8,709.7,868.0,3804.5,7,3
2026-10-01T07:32:03+00:00,ocr_api,0.3,19.2,868.0,3804.5,7,3
2026-10-01T07:32:03+00:00,ocr_postgres,0.0,13.6,868.0,3804.5,7,3
2026-10-01T07:32:03+00:00,ocr_redis,0.7,5.6,868.0,3804.5,7,3
2026-10-01T07:32:03+00:00,ocr_cron,0.0,0.9,868.0,3804.5,7,3
2026-10-01T07:32:07+00:00,ocr_api-ocr_worker_1-1,222.2,889.9,720.5,3793.5,7,3
2026-10-01T07:32:07+00:00,ocr_api,0.7,19.2,720.5,3793.5,7,3
2026-10-01T07:32:07+00:00,ocr_postgres,0.0,13.9,720.5,3793.5,7,3
2026-10-01T07:32:07+00:00,ocr_redis,3.2,5.6,720.5,3793.5,7,3
2026-10-01T07:32:07+00:00,ocr_cron,0.0,0.9,720.5,3793.5,7,3
2026-10-01T07:32:11+00:00,ocr_api-ocr_worker_1-1,275.4,822.9,753.3,3791.3,7,3
2026-10-01T07:32:11+00:00,ocr_api,0.2,17.8,753.3,3791.3,7,3
2026-10-01T07:32:11+00:00,ocr_postgres,2.5,16.9,753.3,3791.3,7,3
2026-10-01T07:32:11+00:00,ocr_redis,0.7,5.4,753.3,3791.3,7,3
2026-10-01T07:32:11+00:00,ocr_cron,0.0,0.9,753.3,3791.3,7,3
2026-10-01T07:32:16+00:00,ocr_api-ocr_worker_1-1,241.0,809.1,646.5,4063.8,7,3
2026-10-01T07:32:16+00:00,ocr_api,0.2,17.4,646.5,4063.8,7,3
2026-10-01T07:32:16+00:00,ocr_postgres,0.0,12.6,646.5,4063.8,7,3
2026-10-01T07:32:16+00:00,ocr_redis,0.7,2.5,646.5,4063.8,7,3
2026-10-01T07:32:16+00:00,ocr_cron,0.0,0.8,646.5,4063.8,7,3
2026-10-01T07:32:20+00:00,ocr_api-ocr_worker_1-1,292.9,841.3,999.5,4093.8,7,3
2026-10-01T07:32:20+00:00,ocr_api,0.3,17.4,999.5,4093.8,7,3
2026-10-01T07:32:20+00:00,ocr_postgres,0.1,31.6,999.5,4093.8,7,3
2026-10-01T07:32:20+00:00,ocr_redis,0.6,7.1,999.5,4093.8,7,3
2026-10-01T07:32:20+00:00,ocr_cron,0.0,0.8,999.5,4093.8,7,3
2026-10-01T07:32:24+00:00,ocr_api-ocr_worker_1-1,254.4,927.4,1135.6,4089.9,7,3
2026-10-01T07:32:24+00:00,ocr_api,0.5,17.4,1135.6,4089.9,7,3
2026-10-01T07:32:24+00:00,ocr_postgres,0.1,31.9,1135.6,4089.9,7,3
2026-10-01T07:32:24+00:00,ocr_redis,4.3,7.3,1135.6,4089.9,7,3
2026-10-01T07:32:24+00:00,ocr_cron,0.0,0.8,1135.6,4089.9,7,3
2026-10-01T07:32:28+00:00,ocr_api-ocr_worker_1-1,265.0,722.4,1295.4,4089.6,7,3
2026-10-01T07:32:28+00:00,ocr_api,0.3,17.4,1295.4,4089.6,7,3
2026-10-01T07:32:28+00:00,ocr_postgres,7.7,31.9,1295.4,4089.6,7,3
2026-10-01T07:32:28+00:00,ocr_redis,4.5,7.1,1295.4,4089.6,7,3
2026-10-01T07:32:28+00:00,ocr_cron,0.0,0.8,1295.4,4089.6,7,3
2026-10-01T07:32:32+00:00,ocr_api-ocr_worker_1-1,123.8,1941.5,1204.7,4085.1,7,3
2026-10-01T07:32:32+00:00,ocr_api,0.6,17.4,1204.7,4085.1,7,3
2026-10-01T07:32:32+00:00,ocr_postgres,0.1,16.2,1204.7,4085.1,7,3
2026-10-01T07:32:32+00:00,ocr_redis,0.6,3.6,1204.7,4085.1,7,3
2026-10-01T07:32:32+00:00,ocr_cron,0.0,0.8,1204.7,4085.1,7,3
2026-10-01T07:32:36+00:00,ocr_api-ocr_worker_1-1,300.7,672.2,1305.9,4090.5,7,3
2026-10-01T07:32:36+00:00,ocr_api,0.2,16.5,1305.9,4090.5,7,3
2026-10-01T07:32:36+00:00,ocr_postgres,0.1,27.2,1305.9,4090.5,7,3
2026-10-01T07:32:36+00:00,ocr_redis,0.6,6.3,1305.9,4090.5,7,3
2026-10-01T07:32:36+00:00,ocr_cron,0.0,0.8,1305.9,4090.5,7,3
2026-10-01T07:32:40+00:00,ocr_api-ocr_worker_1-1,263.7,672.3,1298.0,4088.4,7,3
2026-10-01T07:32:40+00:00,ocr_api,0.5,16.5,1298.0,4088.4,7,3
2026-10-01T07:32:40+00:00,ocr_postgres,0.1,27.2,1298.0,4088.4,7,3
2026-10-01T07:32:40+00:00,ocr_redis,0.7,6.3,1298.0,4088.4,7,3
2026-10-01T07:32:40+00:00,ocr_cron,0.0,0.8,1298.0,4088.4,7,3
2026-10-01T07:32:44+00:00,ocr_api-ocr_worker_1-1,300.7,672.3,1302.1,4088.0,7,3
2026-10-01T07:32:44+00:00,ocr_api,0.4,16.5,1302.1,4088.0,7,3
2026-10-01T07:32:44+00:00,ocr_postgres,0.1,27.4,1302.1,4088.0,7,3
2026-10-01T07:32:44+00:00,ocr_redis,0.6,6.3,1302.1,4088.0,7,3
2026-10-01T07:32:44+00:00,ocr_cron,0.0,0.8,1302.1,4088.0,7,3
2026-10-01T07:32:48+00:00,ocr_api-ocr_worker_1-1,256.3,672.3,1305.3,4086.9,7,3
2026-10-01T07:32:48+00:00,ocr_api,0.4,16.5,1305.3,4086.9,7,3
2026-10-01T07:32:48+00:00,ocr_postgres,10.1,27.4,1305.3,4086.9,7,3
2026-10-01T07:32:48+00:00,ocr_redis,0.6,6.3,1305.3,4086.9,7,3
2026-10-01T07:32:48+00:00,ocr_cron,0.0,0.8,1305.3,4086.9,7,3
2026-10-01T07:32:52+00:00,ocr_api-ocr_worker_1-1,295.5,672.4,1220.9,4059.0,7,3
2026-10-01T07:32:52+00:00,ocr_api,0.4,16.5,1220.9,4059.0,7,3
2026-10-01T07:32:52+00:00,ocr_postgres,0.0,27.4,1220.9,4059.0,7,3
2026-10-01T07:32:52+00:00,ocr_redis,0.6,6.3,1220.9,4059.0,7,3
2026-10-01T07:32:52+00:00,ocr_cron,0.0,0.8,1220.9,4059.0,7,3
2026-10-01T07:32:56+00:00,ocr_api-ocr_worker_1-1,316.2,672.4,1060.1,4033.3,7,3
2026-10-01T07:32:56+00:00,ocr_api,0.6,16.5,1060.1,4033.3,7,3
2026-10-01T07:32:56+00:00,ocr_postgres,0.1,27.5,1060.1,4033.3,7,3
2026-10-01T07:32:56+00:00,ocr_redis,0.6,6.6,1060.1,4033.3,7,3
2026-10-01T07:32:56+00:00,ocr_cron,0.0,0.8,1060.1,4033.3,7,3
2026-10-01T07:33:00+00:00,ocr_api-ocr_worker_1-1,231.5,672.4,1164.3,4001.5,7,3
2026-10-01T07:33:00+00:00,ocr_api,0.2,16.5,1164.3,4001.5,7,3
2026-10-01T07:33:00+00:00,ocr_postgres,0.1,27.5,1164.3,4001.5,7,3
2026-10-01T07:33:00+00:00,ocr_redis,0.7,6.6,1164.3,4001.5,7,3
2026-10-01T07:33:00+00:00,ocr_cron,0.0,0.8,1164.3,4001.5,7,3
2026-10-01T07:33:04+00:00,ocr_api-ocr_worker_1-1,287.6,672.6,896.1,3936.3,7,3
2026-10-01T07:33:04+00:00,ocr_api,0.6,16.5,896.1,3936.3,7,3
2026-10-01T07:33:04+00:00,ocr_postgres,0.1,27.5,896.1,3936.3,7,3
2026-10-01T07:33:04+00:00,ocr_redis,0.6,6.3,896.1,3936.3,7,3
2026-10-01T07:33:04+00:00,ocr_cron,0.0,0.9,896.1,3936.3,7,3
2026-10-01T07:33:09+00:00,ocr_api-ocr_worker_1-1,231.8,672.6,968.3,3908.2,7,3
2026-10-01T07:33:09+00:00,ocr_api,0.2,16.5,968.3,3908.2,7,3
2026-10-01T07:33:09+00:00,ocr_postgres,7.9,27.5,968.3,3908.2,7,3
2026-10-01T07:33:09+00:00,ocr_redis,4.6,6.3,968.3,3908.2,7,3
2026-10-01T07:33:09+00:00,ocr_cron,0.0,0.9,968.3,3908.2,7,3
2026-10-01T07:33:13+00:00,ocr_api-ocr_worker_1-1,262.3,672.6,1070.2,3901.0,7,3
2026-10-01T07:33:13+00:00,ocr_api,0.4,16.5,1070.2,3901.0,7,3
2026-10-01T07:33:13+00:00,ocr_postgres,0.0,27.5,1070.2,3901.0,7,3
2026-10-01T07:33:13+00:00,ocr_redis,0.6,6.3,1070.2,3901.0,7,3
2026-10-01T07:33:13+00:00,ocr_cron,0.0,0.9,1070.2,3901.0,7,3
2026-10-01T07:33:17+00:00,ocr_api-ocr_worker_1-1,313.6,672.6,1072.8,3927.0,7,3
2026-10-01T07:33:17+00:00,ocr_api,0.2,16.5,1072.8,3927.0,7,3
2026-10-01T07:33:17+00:00,ocr_postgres,0.0,27.6,1072.8,3927.0,7,3
2026-10-01T07:33:17+00:00,ocr_redis,0.8,6.0,1072.8,3927.0,7,3
2026-10-01T07:33:17+00:00,ocr_cron,0.0,0.9,1072.8,3927.0,7,3
2026-10-01T07:33:21+00:00,ocr_api-ocr_worker_1-1,320.7,669.1,1199.2,4095.4,7,3
2026-10-01T07:33:21+00:00,ocr_api,0.2,16.4,1199.2,4095.4,7,3
2026-10-01T07:33:21+00:00,ocr_postgres,0.8,30.5,1199.2,4095.4,7,3
2026-10-01T07:33:21+00:00,ocr_redis,0.7,3.8,1199.2,4095.4,7,3
2026-10-01T07:33:21+00:00,ocr_cron,0.0,0.8,1199.2,4095.4,7,3
2026-10-01T07:33:25+00:00,ocr_api-ocr_worker_1-1,285.8,698.4,1140.4,4090.2,7,3
2026-10-01T07:33:25+00:00,ocr_api,0.2,16.4,1140.4,4090.2,7,3
2026-10-01T07:33:25+00:00,ocr_postgres,8.5,30.5,1140.4,4090.2,7,3
2026-10-01T07:33:25+00:00,ocr_redis,0.7,3.8,1140.4,4090.2,7,3
2026-10-01T07:33:25+00:00,ocr_cron,0.0,0.8,1140.4,4090.2,7,3
2026-10-01T07:33:29+00:00,ocr_api-ocr_worker_1-1,297.4,698.4,1066.2,4074.8,7,3
2026-10-01T07:33:29+00:00,ocr_api,0.1,16.5,1066.2,4074.8,7,3
2026-10-01T07:33:29+00:00,ocr_postgres,0.0,30.5,1066.2,4074.8,7,3
2026-10-01T07:33:29+00:00,ocr_redis,3.3,3.8,1066.2,4074.8,7,3
2026-10-01T07:33:29+00:00,ocr_cron,0.0,0.8,1066.2,4074.8,7,3
2026-10-01T07:33:33+00:00,ocr_api-ocr_worker_1-1,126.2,1069.1,975.9,4071.1,7,3
2026-10-01T07:33:33+00:00,ocr_api,0.5,16.5,975.9,4071.1,7,3
2026-10-01T07:33:33+00:00,ocr_postgres,0.1,30.5,975.9,4071.1,7,3
2026-10-01T07:33:33+00:00,ocr_redis,0.8,3.7,975.9,4071.1,7,3
2026-10-01T07:33:33+00:00,ocr_cron,0.0,0.8,975.9,4071.1,7,3
2026-10-01T07:33:37+00:00,ocr_api-ocr_worker_1-1,227.5,787.1,452.5,4093.1,7,3
2026-10-01T07:33:37+00:00,ocr_api,0.9,16.7,452.5,4093.1,7,3
2026-10-01T07:33:37+00:00,ocr_postgres,0.1,30.6,452.5,4093.1,7,3
2026-10-01T07:33:37+00:00,ocr_redis,0.7,4.0,452.5,4093.1,7,3
2026-10-01T07:33:37+00:00,ocr_cron,0.0,0.8,452.5,4093.1,7,3
2026-10-01T07:33:41+00:00,ocr_api-ocr_worker_1-1,247.1,847.0,761.8,4092.3,7,3
2026-10-01T07:33:41+00:00,ocr_api,0.2,16.7,761.8,4092.3,7,3
2026-10-01T07:33:41+00:00,ocr_postgres,1.3,30.6,761.8,4092.3,7,3
2026-10-01T07:33:41+00:00,ocr_redis,0.7,4.0,761.8,4092.3,7,3
2026-10-01T07:33:41+00:00,ocr_cron,0.0,0.8,761.8,4092.3,7,3
2026-10-01T07:33:45+00:00,ocr_api-ocr_worker_1-1,313.8,849.8,902.1,4087.8,7,3
2026-10-01T07:33:45+00:00,ocr_api,0.7,16.7,902.1,4087.8,7,3
2026-10-01T07:33:45+00:00,ocr_postgres,9.2,30.6,902.1,4087.8,7,3
2026-10-01T07:33:45+00:00,ocr_redis,0.8,4.0,902.1,4087.8,7,3
2026-10-01T07:33:45+00:00,ocr_cron,0.0,0.8,902.1,4087.8,7,3
2026-10-01T07:33:50+00:00,ocr_api-ocr_worker_1-1,247.8,919.6,984.8,4094.4,7,3
2026-10-01T07:33:50+00:00,ocr_api,0.4,15.5,984.8,4094.4,7,3
2026-10-01T07:33:50+00:00,ocr_postgres,0.0,11.3,984.8,4094.4,7,3
2026-10-01T07:33:50+00:00,ocr_redis,6.1,5.9,984.8,4094.4,7,3
2026-10-01T07:33:50+00:00,ocr_cron,0.0,0.8,984.8,4094.4,7,3
2026-10-01T07:33:54+00:00,ocr_api-ocr_worker_1-1,337.6,761.4,943.9,4095.4,7,3
2026-10-01T07:33:54+00:00,ocr_api,0.3,25.5,943.9,4095.4,7,3
2026-10-01T07:33:54+00:00,ocr_postgres,0.0,34.0,943.9,4095.4,7,3
2026-10-01T07:33:54+00:00,ocr_redis,0.7,3.9,943.9,4095.4,7,3
2026-10-01T07:33:54+00:00,ocr_cron,0.0,0.7,943.9,4095.4,7,3
2026-10-01T07:33:58+00:00,ocr_api-ocr_worker_1-1,205.2,769.8,1125.7,4094.5,7,3
2026-10-01T07:33:58+00:00,ocr_api,1.2,25.5,1125.7,4094.5,7,3
2026-10-01T07:33:58+00:00,ocr_postgres,0.2,34.0,1125.7,4094.5,7,3
2026-10-01T07:33:58+00:00,ocr_redis,0.7,7.1,1125.7,4094.5,7,3
2026-10-01T07:33:58+00:00,ocr_cron,0.0,0.7,1125.7,4094.5,7,3
2026-10-01T07:34:02+00:00,ocr_api-ocr_worker_1-1,175.3,693.3,247.1,4095.9,7,3
2026-10-01T07:34:02+00:00,ocr_api,0.4,17.3,247.1,4095.9,7,3
2026-10-01T07:34:02+00:00,ocr_postgres,9.4,34.0,247.1,4095.9,7,3
2026-10-01T07:34:02+00:00,ocr_redis,0.7,6.5,247.1,4095.9,7,3
2026-10-01T07:34:02+00:00,ocr_cron,0.0,0.9,247.1,4095.9,7,3
2026-10-01T07:34:06+00:00,ocr_api-ocr_worker_1-1,165.3,697.4,1293.6,4093.4,7,3
2026-10-01T07:34:06+00:00,ocr_api,0.6,17.6,1293.6,4093.4,7,3
2026-10-01T07:34:06+00:00,ocr_postgres,0.0,34.0,1293.6,4093.4,7,3
2026-10-01T07:34:06+00:00,ocr_redis,0.7,6.8,1293.6,4093.4,7,3
2026-10-01T07:34:06+00:00,ocr_cron,0.0,0.9,1293.6,4093.4,7,3
2026-10-01T07:34:10+00:00,ocr_api-ocr_worker_1-1,224.6,697.5,1214.9,4092.8,7,3
2026-10-01T07:34:10+00:00,ocr_api,0.3,17.6,1214.9,4092.8,7,3
2026-10-01T07:34:10+00:00,ocr_postgres,0.0,34.0,1214.9,4092.8,7,3
2026-10-01T07:34:10+00:00,ocr_redis,4.5,6.5,1214.9,4092.8,7,3
2026-10-01T07:34:10+00:00,ocr_cron,0.0,0.9,1214.9,4092.8,7,3
2026-10-01T07:34:14+00:00,ocr_api-ocr_worker_1-1,279.3,697.5,1381.9,4091.6,7,3
2026-10-01T07:34:14+00:00,ocr_api,0.4,17.6,1381.9,4091.6,7,3
2026-10-01T07:34:14+00:00,ocr_postgres,0.0,34.0,1381.9,4091.6,7,3
2026-10-01T07:34:14+00:00,ocr_redis,0.6,6.5,1381.9,4091.6,7,3
2026-10-01T07:34:14+00:00,ocr_cron,0.0,0.9,1381.9,4091.6,7,3
2026-10-01T07:34:18+00:00,ocr_api-ocr_worker_1-1,284.8,697.5,1268.6,4079.7,7,3
2026-10-01T07:34:18+00:00,ocr_api,1.1,18.1,1268.6,4079.7,7,3
2026-10-01T07:34:18+00:00,ocr_postgres,8.2,34.3,1268.6,4079.7,7,3
2026-10-01T07:34:18+00:00,ocr_redis,0.7,6.5,1268.6,4079.7,7,3
2026-10-01T07:34:18+00:00,ocr_cron,0.0,0.9,1268.6,4079.7,7,3
2026-10-01T07:34:22+00:00,ocr_api-ocr_worker_1-1,286.3,697.5,1232.6,4075.0,7,3
2026-10-01T07:34:22+00:00,ocr_api,0.4,18.1,1232.6,4075.0,7,3
2026-10-01T07:34:22+00:00,ocr_postgres,0.1,35.6,1232.6,4075.0,7,3
2026-10-01T07:34:22+00:00,ocr_redis,0.6,6.5,1232.6,4075.0,7,3
2026-10-01T07:34:22+00:00,ocr_cron,0.0,0.9,1232.6,4075.0,7,3
2026-10-01T07:34:27+00:00,ocr_api-ocr_worker_1-1,290.9,697.5,1309.9,4074.7,7,3
2026-10-01T07:34:27+00:00,ocr_api,0.3,18.1,1309.9,4074.7,7,3
2026-10-01T07:34:27+00:00,ocr_postgres,0.0,35.6,1309.9,4074.7,7,3
2026-10-01T07:34:27+00:00,ocr_redis,0.7,6.5,1309.9,4074.7,7,3
2026-10-01T07:34:27+00:00,ocr_cron,0.0,0.9,1309.9,4074.7,7,3
2026-10-01T07:34:31+00:00,ocr_api-ocr_worker_1-1,259.0,697.5,1344.8,4074.4,7,3
2026-10-01T07:34:31+00:00,ocr_api,0.2,18.1,1344.8,4074.4,7,3
2026-10-01T07:34:31+00:00,ocr_postgres,0.0,35.6,1344.8,4074.4,7,3
2026-10-01T07:34:31+00:00,ocr_redis,4.3,6.6,1344.8,4074.4,7,3
2026-10-01T07:34:31+00:00,ocr_cron,0.0,0.9,1344.8,4074.4,7,3
2026-10-01T07:34:35+00:00,ocr_api-ocr_worker_1-1,264.8,697.5,1434.5,4074.3,7,3
2026-10-01T07:34:35+00:00,ocr_api,0.2,18.1,1434.5,4074.3,7,3
2026-10-01T07:34:35+00:00,ocr_postgres,0.0,35.6,1434.5,4074.3,7,3
2026-10-01T07:34:35+00:00,ocr_redis,0.6,6.5,1434.5,4074.3,7,3
2026-10-01T07:34:35+00:00,ocr_cron,0.0,0.9,1434.5,4074.3,7,3
2026-10-01T07:34:39+00:00,ocr_api-ocr_worker_1-1,214.7,697.5,1328.3,4073.5,7,3
2026-10-01T07:34:39+00:00,ocr_api,0.6,18.1,1328.3,4073.5,7,3
2026-10-01T07:34:39+00:00,ocr_postgres,7.6,35.6,1328.3,4073.5,7,3
2026-10-01T07:34:39+00:00,ocr_redis,0.7,6.5,1328.3,4073.5,7,3
2026-10-01T07:34:39+00:00,ocr_cron,0.0,0.9,1328.3,4073.5,7,3
2026-10-01T07:34:43+00:00,ocr_api-ocr_worker_1-1,238.1,697.5,1310.0,4073.0,7,3
2026-10-01T07:34:43+00:00,ocr_api,0.4,18.1,1310.0,4073.0,7,3
2026-10-01T07:34:43+00:00,ocr_postgres,0.0,35.6,1310.0,4073.0,7,3
2026-10-01T07:34:43+00:00,ocr_redis,0.7,6.5,1310.0,4073.0,7,3
2026-10-01T07:34:43+00:00,ocr_cron,0.0,0.9,1310.0,4073.0,7,3
2026-10-01T07:34:47+00:00,ocr_api-ocr_worker_1-1,212.0,697.9,1368.6,4072.2,7,3
2026-10-01T07:34:47+00:00,ocr_api,0.8,18.1,1368.6,4072.2,7,3
2026-10-01T07:34:47+00:00,ocr_postgres,0.1,35.6,1368.6,4072.2,7,3
2026-10-01T07:34:47+00:00,ocr_redis,0.6,6.5,1368.6,4072.2,7,3
2026-10-01T07:34:47+00:00,ocr_cron,0.0,0.9,1368.6,4072.2,7,3
2026-10-01T07:34:51+00:00,ocr_api-ocr_worker_1-1,219.2,697.9,1357.3,4071.8,7,3
2026-10-01T07:34:51+00:00,ocr_api,0.5,18.1,1357.3,4071.8,7,3
2026-10-01T07:34:51+00:00,ocr_postgres,0.1,35.6,1357.3,4071.8,7,3
2026-10-01T07:34:51+00:00,ocr_redis,4.1,6.6,1357.3,4071.8,7,3
2026-10-01T07:34:51+00:00,ocr_cron,0.0,0.9,1357.3,4071.8,7,3
2026-10-01T07:34:55+00:00,ocr_api-ocr_worker_1-1,278.7,697.9,1290.4,4071.6,7,3
2026-10-01T07:34:55+00:00,ocr_api,0.2,18.1,1290.4,4071.6,7,3
2026-10-01T07:34:55+00:00,ocr_postgres,0.0,35.6,1290.4,4071.6,7,3
2026-10-01T07:34:55+00:00,ocr_redis,0.6,6.5,1290.4,4071.6,7,3
2026-10-01T07:34:55+00:00,ocr_cron,0.0,0.9,1290.4,4071.6,7,3
2026-10-01T07:34:59+00:00,ocr_api-ocr_worker_1-1,234.9,697.9,1307.5,4070.9,7,3
2026-10-01T07:34:59+00:00,ocr_api,0.3,18.1,1307.5,4070.9,7,3
2026-10-01T07:34:59+00:00,ocr_postgres,7.3,35.6,1307.5,4070.9,7,3
2026-10-01T07:34:59+00:00,ocr_redis,0.6,6.5,1307.5,4070.9,7,3
2026-10-01T07:34:59+00:00,ocr_cron,0.0,0.9,1307.5,4070.9,7,3
2026-10-01T07:35:03+00:00,ocr_api-ocr_worker_1-1,220.6,697.9,1242.6,4070.6,7,3
2026-10-01T07:35:03+00:00,ocr_api,0.2,18.1,1242.6,4070.6,7,3
2026-10-01T07:35:03+00:00,ocr_postgres,0.0,35.6,1242.6,4070.6,7,3
2026-10-01T07:35:03+00:00,ocr_redis,0.7,6.5,1242.6,4070.6,7,3
2026-10-01T07:35:03+00:00,ocr_cron,71.9,90.8,1242.6,4070.6,7,3
2026-10-01T07:35:07+00:00,ocr_api-ocr_worker_1-1,281.5,697.9,1314.4,4070.1,7,3
2026-10-01T07:35:07+00:00,ocr_api,0.7,18.1,1314.4,4070.1,7,3
2026-10-01T07:35:07+00:00,ocr_postgres,0.0,35.6,1314.4,4070.1,7,3
2026-10-01T07:35:07+00:00,ocr_redis,0.6,6.6,1314.4,4070.1,7,3
2026-10-01T07:35:07+00:00,ocr_cron,0.0,96.9,1314.4,4070.1,7,3
2026-10-01T07:35:11+00:00,ocr_api-ocr_worker_1-1,263.5,697.9,1310.3,4070.0,7,3
2026-10-01T07:35:11+00:00,ocr_api,0.2,18.1,1310.3,4070.0,7,3
2026-10-01T07:35:11+00:00,ocr_postgres,0.0,35.6,1310.3,4070.0,7,3
2026-10-01T07:35:11+00:00,ocr_redis,4.3,6.6,1310.3,4070.0,7,3
2026-10-01T07:35:11+00:00,ocr_cron,0.0,96.9,1310.3,4070.0,7,3
2026-10-01T07:35:15+00:00,ocr_api-ocr_worker_1-1,291.8,698.1,1284.5,4069.4,7,3
2026-10-01T07:35:15+00:00,ocr_api,0.6,18.1,1284.5,4069.4,7,3
2026-10-01T07:35:15+00:00,ocr_postgres,1.1,35.6,1284.5,4069.4,7,3
2026-10-01T07:35:15+00:00,ocr_redis,0.7,6.6,1284.5,4069.4,7,3
2026-10-01T07:35:15+00:00,ocr_cron,0.0,96.9,1284.5,4069.4,7,3
2026-10-01T07:35:20+00:00,ocr_api-ocr_worker_1-1,258.7,698.1,1330.1,4067.5,7,3
2026-10-01T07:35:20+00:00,ocr_api,0.2,18.1,1330.1,4067.5,7,3
2026-10-01T07:35:20+00:00,ocr_postgres,1.6,37.2,1330.1,4067.5,7,3
2026-10-01T07:35:20+00:00,ocr_redis,0.7,6.6,1330.1,4067.5,7,3
2026-10-01T07:35:20+00:00,ocr_cron,0.0,96.9,1330.1,4067.5,7,3
2026-10-01T07:35:24+00:00,ocr_api-ocr_worker_1-1,234.7,698.2,1328.9,4067.2,7,3
2026-10-01T07:35:24+00:00,ocr_api,0.7,18.1,1328.9,4067.2,7,3
2026-10-01T07:35:24+00:00,ocr_postgres,0.2,35.6,1328.9,4067.2,7,3
2026-10-01T07:35:24+00:00,ocr_redis,0.6,6.6,1328.9,4067.2,7,3
2026-10-01T07:35:24+00:00,ocr_cron,0.0,96.9,1328.9,4067.2,7,3
2026-10-01T07:35:28+00:00,ocr_api-ocr_worker_1-1,223.9,698.4,1321.7,4066.1,7,3
2026-10-01T07:35:28+00:00,ocr_api,0.2,18.1,1321.7,4066.1,7,3
2026-10-01T07:35:28+00:00,ocr_postgres,0.0,35.6,1321.7,4066.1,7,3
2026-10-01T07:35:28+00:00,ocr_redis,3.0,6.6,1321.7,4066.1,7,3
2026-10-01T07:35:28+00:00,ocr_cron,0.0,96.9,1321.7,4066.1,7,3
2026-10-01T07:35:32+00:00,ocr_api-ocr_worker_1-1,238.7,698.2,1211.1,4065.4,7,3
2026-10-01T07:35:32+00:00,ocr_api,0.5,18.1,1211.1,4065.4,7,3
2026-10-01T07:35:32+00:00,ocr_postgres,0.1,35.6,1211.1,4065.4,7,3
2026-10-01T07:35:32+00:00,ocr_redis,1.8,7.5,1211.1,4065.4,7,3
2026-10-01T07:35:32+00:00,ocr_cron,0.0,96.9,1211.1,4065.4,7,3
2026-10-01T07:35:36+00:00,ocr_api-ocr_worker_1-1,224.7,698.6,1324.9,4058.5,7,3
2026-10-01T07:35:36+00:00,ocr_api,0.2,18.1,1324.9,4058.5,7,3
2026-10-01T07:35:36+00:00,ocr_postgres,0.1,35.6,1324.9,4058.5,7,3
2026-10-01T07:35:36+00:00,ocr_redis,0.7,6.6,1324.9,4058.5,7,3
2026-10-01T07:35:36+00:00,ocr_cron,0.0,96.9,1324.9,4058.5,7,3
2026-10-01T07:35:40+00:00,ocr_api-ocr_worker_1-1,265.1,698.7,1356.4,4054.7,7,3
2026-10-01T07:35:40+00:00,ocr_api,0.6,18.1,1356.4,4054.7,7,3
2026-10-01T07:35:40+00:00,ocr_postgres,0.1,35.6,1356.4,4054.7,7,3
2026-10-01T07:35:40+00:00,ocr_redis,0.6,6.6,1356.4,4054.7,7,3
2026-10-01T07:35:40+00:00,ocr_cron,0.0,96.9,1356.4,4054.7,7,3
2026-10-01T07:35:44+00:00,ocr_api-ocr_worker_1-1,276.1,698.7,1370.5,4054.4,7,3
2026-10-01T07:35:44+00:00,ocr_api,0.6,18.1,1370.5,4054.4,7,3
2026-10-01T07:35:44+00:00,ocr_postgres,0.1,35.6,1370.5,4054.4,7,3
2026-10-01T07:35:44+00:00,ocr_redis,0.6,6.6,1370.5,4054.4,7,3
2026-10-01T07:35:44+00:00,ocr_cron,0.0,96.9,1370.5,4054.4,7,3
2026-10-01T07:35:48+00:00,ocr_api-ocr_worker_1-1,273.1,698.7,1289.6,4054.2,7,3
2026-10-01T07:35:48+00:00,ocr_api,0.9,18.1,1289.6,4054.2,7,3
2026-10-01T07:35:48+00:00,ocr_postgres,0.2,35.7,1289.6,4054.2,7,3
2026-10-01T07:35:48+00:00,ocr_redis,4.6,7.1,1289.6,4054.2,7,3
2026-10-01T07:35:48+00:00,ocr_cron,0.0,96.9,1289.6,4054.2,7,3
2026-10-01T07:35:52+00:00,ocr_api-ocr_worker_1-1,270.2,699.0,995.1,4053.9,7,3
2026-10-01T07:35:52+00:00,ocr_api,0.4,19.4,995.1,4053.9,7,3
2026-10-01T07:35:52+00:00,ocr_postgres,0.1,31.2,995.1,4053.9,7,3
2026-10-01T07:35:52+00:00,ocr_redis,0.8,7.1,995.1,4053.9,7,3
2026-10-01T07:35:52+00:00,ocr_cron,0.0,95.7,995.1,4053.9,7,3
2026-10-01T07:35:56+00:00,ocr_api-ocr_worker_1-1,229.7,698.3,1298.0,4090.6,7,3
2026-10-01T07:35:56+00:00,ocr_api,0.8,19.4,1298.0,4090.6,7,3
2026-10-01T07:35:56+00:00,ocr_postgres,6.3,31.4,1298.0,4090.6,7,3
2026-10-01T07:35:56+00:00,ocr_redis,0.6,7.4,1298.0,4090.6,7,3
2026-10-01T07:35:56+00:00,ocr_cron,0.0,95.7,1298.0,4090.6,7,3
2026-10-01T07:36:00+00:00,ocr_api-ocr_worker_1-1,236.1,698.3,1211.8,4090.0,7,3
2026-10-01T07:36:00+00:00,ocr_api,0.5,19.4,1211.8,4090.0,7,3
2026-10-01T07:36:00+00:00,ocr_postgres,0.1,31.4,1211.8,4090.0,7,3
2026-10-01T07:36:00+00:00,ocr_redis,0.6,7.1,1211.8,4090.0,7,3
2026-10-01T07:36:00+00:00,ocr_cron,0.0,95.7,1211.8,4090.0,7,3
2026-10-01T07:36:05+00:00,ocr_api-ocr_worker_1-1,235.4,698.6,1163.1,4089.0,7,3
2026-10-01T07:36:05+00:00,ocr_api,0.4,19.4,1163.1,4089.0,7,3
2026-10-01T07:36:05+00:00,ocr_postgres,0.1,31.4,1163.1,4089.0,7,3
2026-10-01T07:36:05+00:00,ocr_redis,0.6,7.1,1163.1,4089.0,7,3
2026-10-01T07:36:05+00:00,ocr_cron,0.0,95.7,1163.1,4089.0,7,3
2026-10-01T07:36:09+00:00,ocr_api-ocr_worker_1-1,192.1,698.7,1192.4,4088.9,7,3
2026-10-01T07:36:09+00:00,ocr_api,0.4,19.4,1192.4,4088.9,7,3
2026-10-01T07:36:09+00:00,ocr_postgres,0.0,31.4,1192.4,4088.9,7,3
2026-10-01T07:36:09+00:00,ocr_redis,4.3,7.1,1192.4,4088.9,7,3
2026-10-01T07:36:09+00:00,ocr_cron,0.0,95.7,1192.4,4088.9,7,3
2026-10-01T07:36:13+00:00,ocr_api-ocr_worker_1-1,216.3,698.7,1338.1,4088.4,7,3
2026-10-01T07:36:13+00:00,ocr_api,0.5,19.1,1338.1,4088.4,7,3
2026-10-01T07:36:13+00:00,ocr_postgres,0.1,31.3,1338.1,4088.4,7,3
2026-10-01T07:36:13+00:00,ocr_redis,0.7,4.1,1338.1,4088.4,7,3
2026-10-01T07:36:13+00:00,ocr_cron,0.0,95.2,1338.1,4088.4,7,3
2026-10-01T07:36:17+00:00,ocr_api-ocr_worker_1-1,208.2,693.9,1289.4,4095.9,7,3
2026-10-01T07:36:17+00:00,ocr_api,0.9,18.5,1289.4,4095.9,7,3
2026-10-01T07:36:17+00:00,ocr_postgres,8.1,26.7,1289.4,4095.9,7,3
2026-10-01T07:36:17+00:00,ocr_redis,0.7,2.6,1289.4,4095.9,7,3
2026-10-01T07:36:17+00:00,ocr_cron,0.0,9.6,1289.4,4095.9,7,3
2026-10-01T07:36:21+00:00,ocr_api-ocr_worker_1-1,248.3,694.3,1289.2,3847.9,7,3
2026-10-01T07:36:21+00:00,ocr_api,0.5,18.5,1289.2,3847.9,7,3
2026-10-01T07:36:21+00:00,ocr_postgres,1.0,26.1,1289.2,3847.9,7,3
2026-10-01T07:36:21+00:00,ocr_redis,0.6,5.6,1289.2,3847.9,7,3
2026-10-01T07:36:21+00:00,ocr_cron,0.0,2.7,1289.2,3847.9,7,3
2026-10-01T07:36:25+00:00,ocr_api-ocr_worker_1-1,233.4,694.3,1321.3,3574.9,7,3
2026-10-01T07:36:25+00:00,ocr_api,0.4,18.5,1321.3,3574.9,7,3
2026-10-01T07:36:25+00:00,ocr_postgres,0.1,26.1,1321.3,3574.9,7,3
2026-10-01T07:36:25+00:00,ocr_redis,0.7,5.6,1321.3,3574.9,7,3
2026-10-01T07:36:25+00:00,ocr_cron,0.0,2.7,1321.3,3574.9,7,3
2026-10-01T07:36:29+00:00,ocr_api-ocr_worker_1-1,249.8,694.4,1239.2,3568.9,7,3
2026-10-01T07:36:29+00:00,ocr_api,0.5,18.5,1239.2,3568.9,7,3
2026-10-01T07:36:29+00:00,ocr_postgres,0.1,26.1,1239.2,3568.9,7,3
2026-10-01T07:36:29+00:00,ocr_redis,0.7,5.6,1239.2,3568.9,7,3
2026-10-01T07:36:29+00:00,ocr_cron,0.0,2.7,1239.2,3568.9,7,3
2026-10-01T07:36:33+00:00,ocr_api-ocr_worker_1-1,225.7,694.4,1173.1,3568.8,7,3
2026-10-01T07:36:33+00:00,ocr_api,0.5,18.5,1173.1,3568.8,7,3
2026-10-01T07:36:33+00:00,ocr_postgres,8.9,26.1,1173.1,3568.8,7,3
2026-10-01T07:36:33+00:00,ocr_redis,0.7,5.6,1173.1,3568.8,7,3
2026-10-01T07:36:33+00:00,ocr_cron,0.0,2.7,1173.1,3568.8,7,3
2026-10-01T07:36:37+00:00,ocr_api-ocr_worker_1-1,208.7,694.5,1294.9,3568.0,7,3
2026-10-01T07:36:37+00:00,ocr_api,0.3,18.5,1294.9,3568.0,7,3
2026-10-01T07:36:37+00:00,ocr_postgres,0.0,26.1,1294.9,3568.0,7,3
2026-10-01T07:36:37+00:00,ocr_redis,0.8,5.6,1294.9,3568.0,7,3
2026-10-01T07:36:37+00:00,ocr_cron,0.0,2.7,1294.9,3568.0,7,3
2026-10-01T07:36:41+00:00,ocr_api-ocr_worker_1-1,232.7,694.5,1185.6,3552.6,7,3
2026-10-01T07:36:41+00:00,ocr_api,0.5,18.5,1185.6,3552.6,7,3
2026-10-01T07:36:41+00:00,ocr_postgres,0.7,26.1,1185.6,3552.6,7,3
2026-10-01T07:36:41+00:00,ocr_redis,0.6,5.6,1185.6,3552.6,7,3
2026-10-01T07:36:41+00:00,ocr_cron,0.0,2.7,1185.6,3552.6,7,3
2026-10-01T07:36:45+00:00,ocr_api-ocr_worker_1-1,293.4,695.1,1048.3,3551.8,7,3
2026-10-01T07:36:45+00:00,ocr_api,0.1,18.5,1048.3,3551.8,7,3
2026-10-01T07:36:45+00:00,ocr_postgres,0.0,26.1,1048.3,3551.8,7,3
2026-10-01T07:36:45+00:00,ocr_redis,0.6,5.9,1048.3,3551.8,7,3
2026-10-01T07:36:45+00:00,ocr_cron,0.0,2.7,1048.3,3551.8,7,3
2026-10-01T07:36:49+00:00,ocr_api-ocr_worker_1-1,219.2,695.1,1102.0,3550.6,7,3
2026-10-01T07:36:49+00:00,ocr_api,0.1,18.5,1102.0,3550.6,7,3
2026-10-01T07:36:49+00:00,ocr_postgres,0.0,26.1,1102.0,3550.6,7,3
2026-10-01T07:36:49+00:00,ocr_redis,4.2,5.6,1102.0,3550.6,7,3
2026-10-01T07:36:49+00:00,ocr_cron,0.0,2.7,1102.0,3550.6,7,3
2026-10-01T07:36:54+00:00,ocr_api-ocr_worker_1-1,279.6,695.1,487.1,3549.3,7,3
2026-10-01T07:36:54+00:00,ocr_api,0.2,18.5,487.1,3549.3,7,3
2026-10-01T07:36:54+00:00,ocr_postgres,0.0,26.1,487.1,3549.3,7,3
2026-10-01T07:36:54+00:00,ocr_redis,0.7,5.6,487.1,3549.3,7,3
2026-10-01T07:36:54+00:00,ocr_cron,0.0,2.7,487.1,3549.3,7,3
2026-10-01T07:36:58+00:00,ocr_api-ocr_worker_1-1,275.7,695.7,970.5,3598.8,7,3
2026-10-01T07:36:58+00:00,ocr_api,0.5,18.5,970.5,3598.8,7,3
2026-10-01T07:36:58+00:00,ocr_postgres,0.1,23.9,970.5,3598.8,7,3
2026-10-01T07:36:58+00:00,ocr_redis,0.7,5.8,970.5,3598.8,7,3
2026-10-01T07:36:58+00:00,ocr_cron,0.0,2.7,970.5,3598.8,7,3
2026-10-01T07:37:02+00:00,ocr_api-ocr_worker_1-1,166.8,948.8,589.9,3600.7,7,3
2026-10-01T07:37:02+00:00,ocr_api,0.2,18.1,589.9,3600.7,7,3
2026-10-01T07:37:02+00:00,ocr_postgres,0.0,22.5,589.9,3600.7,7,3
2026-10-01T07:37:02+00:00,ocr_redis,0.7,5.7,589.9,3600.7,7,3
2026-10-01T07:37:02+00:00,ocr_cron,0.2,3.5,589.9,3600.7,7,3
2026-10-01T07:37:06+00:00,ocr_api-ocr_worker_1-1,211.5,887.3,865.6,3756.0,7,3
2026-10-01T07:37:06+00:00,ocr_api,0.7,17.5,865.6,3756.0,7,3
2026-10-01T07:37:06+00:00,ocr_postgres,0.1,21.9,865.6,3756.0,7,3
2026-10-01T07:37:06+00:00,ocr_redis,0.7,2.2,865.6,3756.0,7,3
2026-10-01T07:37:06+00:00,ocr_cron,0.0,3.3,865.6,3756.0,7,3
2026-10-01T07:37:09+00:00,ocr_api-ocr_worker_1-1,267.3,873.1,835.0,3753.7,7,3
2026-10-01T07:37:09+00:00,ocr_api,0.3,17.6,835.0,3753.7,7,3
2026-10-01T07:37:09+00:00,ocr_postgres,9.3,21.9,835.0,3753.7,7,3
2026-10-01T07:37:09+00:00,ocr_redis,0.7,2.2,835.0,3753.7,7,3
2026-10-01T07:37:09+00:00,ocr_cron,0.0,3.3,835.0,3753.7,7,3
2026-10-01T07:37:13+00:00,ocr_api-ocr_worker_1-1,274.9,843.4,739.6,3753.5,7,3
2026-10-01T07:37:13+00:00,ocr_api,0.6,17.6,739.6,3753.5,7,3
2026-10-01T07:37:13+00:00,ocr_postgres,0.1,21.9,739.6,3753.5,7,3
2026-10-01T07:37:13+00:00,ocr_redis,0.7,2.5,739.6,3753.5,7,3
2026-10-01T07:37:13+00:00,ocr_cron,0.0,3.3,739.6,3753.5,7,3
2026-10-01T07:37:17+00:00,ocr_api-ocr_worker_1-1,344.7,914.1,550.9,3795.0,7,3
2026-10-01T07:37:17+00:00,ocr_api,0.2,17.6,550.9,3795.0,7,3
2026-10-01T07:37:17+00:00,ocr_postgres,0.1,11.8,550.9,3795.0,7,3
2026-10-01T07:37:17+00:00,ocr_redis,0.8,2.5,550.9,3795.0,7,3
2026-10-01T07:37:17+00:00,ocr_cron,0.0,3.3,550.9,3795.0,7,3
2026-10-01T07:37:21+00:00,ocr_api-ocr_worker_1-1,345.0,720.0,214.9,4096.0,7,3
2026-10-01T07:37:21+00:00,ocr_api,0.6,13.5,214.9,4096.0,7,3
2026-10-01T07:37:21+00:00,ocr_postgres,0.9,22.2,214.9,4096.0,7,3
2026-10-01T07:37:21+00:00,ocr_redis,5.0,3.2,214.9,4096.0,7,3
2026-10-01T07:37:21+00:00,ocr_cron,0.0,2.0,214.9,4096.0,7,3
2026-10-01T07:37:25+00:00,ocr_api-ocr_worker_1-1,229.0,822.4,917.0,4091.7,7,3
2026-10-01T07:37:25+00:00,ocr_api,0.5,13.5,917.0,4091.7,7,3
2026-10-01T07:37:25+00:00,ocr_postgres,6.7,25.3,917.0,4091.7,7,3
2026-10-01T07:37:25+00:00,ocr_redis,4.7,3.0,917.0,4091.7,7,3
2026-10-01T07:37:25+00:00,ocr_cron,0.0,2.0,917.0,4091.7,7,3
2026-10-01T07:37:29+00:00,ocr_api-ocr_worker_1-1,109.5,690.7,1668.3,4090.7,7,3
2026-10-01T07:37:29+00:00,ocr_api,0.5,13.5,1668.3,4090.7,7,3
2026-10-01T07:37:29+00:00,ocr_postgres,0.0,22.4,1668.3,4090.7,7,3
2026-10-01T07:37:29+00:00,ocr_redis,0.7,3.0,1668.3,4090.7,7,3
2026-10-01T07:37:29+00:00,ocr_cron,0.0,2.0,1668.3,4090.7,7,3
2026-10-01T07:37:34+00:00,ocr_api-ocr_worker_1-1,266.4,690.7,1656.1,4090.2,7,3
2026-10-01T07:37:34+00:00,ocr_api,0.3,13.5,1656.1,4090.2,7,3
2026-10-01T07:37:34+00:00,ocr_postgres,0.1,22.4,1656.1,4090.2,7,3
2026-10-01T07:37:34+00:00,ocr_redis,0.6,3.0,1656.1,4090.2,7,3
2026-10-01T07:37:34+00:00,ocr_cron,0.0,2.0,1656.1,4090.2,7,3
2026-10-01T07:37:38+00:00,ocr_api-ocr_worker_1-1,291.9,690.7,1758.5,4089.4,7,3
2026-10-01T07:37:38+00:00,ocr_api,0.6,13.5,1758.5,4089.4,7,3
2026-10-01T07:37:38+00:00,ocr_postgres,0.1,22.4,1758.5,4089.4,7,3
2026-10-01T07:37:38+00:00,ocr_redis,0.5,3.2,1758.5,4089.4,7,3
2026-10-01T07:37:38+00:00,ocr_cron,0.0,2.0,1758.5,4089.4,7,3
2026-10-01T07:37:42+00:00,ocr_api-ocr_worker_1-1,285.8,690.8,1807.1,4068.6,7,3
2026-10-01T07:37:42+00:00,ocr_api,0.5,13.5,1807.1,4068.6,7,3
2026-10-01T07:37:42+00:00,ocr_postgres,0.1,22.7,1807.1,4068.6,7,3
2026-10-01T07:37:42+00:00,ocr_redis,0.6,3.0,1807.1,4068.6,7,3
2026-10-01T07:37:42+00:00,ocr_cron,0.0,2.0,1807.1,4068.6,7,3
2026-10-01T07:37:46+00:00,ocr_api-ocr_worker_1-1,212.2,690.8,1757.2,4068.0,7,3
2026-10-01T07:37:46+00:00,ocr_api,0.1,13.5,1757.2,4068.0,7,3
2026-10-01T07:37:46+00:00,ocr_postgres,8.1,22.6,1757.2,4068.0,7,3
2026-10-01T07:37:46+00:00,ocr_redis,4.2,3.0,1757.2,4068.0,7,3
2026-10-01T07:37:46+00:00,ocr_cron,0.0,2.0,1757.2,4068.0,7,3
2026-10-01T07:37:50+00:00,ocr_api-ocr_worker_1-1,257.3,690.8,1840.6,4067.7,7,3
2026-10-01T07:37:50+00:00,ocr_api,0.2,13.5,1840.6,4067.7,7,3
2026-10-01T07:37:50+00:00,ocr_postgres,0.0,22.6,1840.6,4067.7,7,3
2026-10-01T07:37:50+00:00,ocr_redis,0.6,3.0,1840.6,4067.7,7,3
2026-10-01T07:37:50+00:00,ocr_cron,0.0,2.0,1840.6,4067.7,7,3
2026-10-01T07:37:54+00:00,ocr_api-ocr_worker_1-1,269.1,690.8,1733.1,4067.0,7,3
2026-10-01T07:37:54+00:00,ocr_api,0.1,13.6,1733.1,4067.0,7,3
2026-10-01T07:37:54+00:00,ocr_postgres,0.0,22.6,1733.1,4067.0,7,3
2026-10-01T07:37:54+00:00,ocr_redis,0.6,3.0,1733.1,4067.0,7,3
2026-10-01T07:37:54+00:00,ocr_cron,0.0,2.0,1733.1,4067.0,7,3
2026-10-01T07:37:58+00:00,ocr_api-ocr_worker_1-1,281.5,690.8,1745.7,4064.2,7,3
2026-10-01T07:37:58+00:00,ocr_api,0.1,13.6,1745.7,4064.2,7,3
2026-10-01T07:37:58+00:00,ocr_postgres,0.0,22.6,1745.7,4064.2,7,3
2026-10-01T07:37:58+00:00,ocr_redis,0.7,3.0,1745.7,4064.2,7,3
2026-10-01T07:37:58+00:00,ocr_cron,0.0,2.0,1745.7,4064.2,7,3
2026-10-01T07:38:02+00:00,ocr_api-ocr_worker_1-1,288.6,691.0,1777.9,4063.7,7,3
2026-10-01T07:38:02+00:00,ocr_api,0.1,13.6,1777.9,4063.7,7,3
2026-10-01T07:38:02+00:00,ocr_postgres,0.0,22.7,1777.9,4063.7,7,3
2026-10-01T07:38:02+00:00,ocr_redis,0.6,3.0,1777.9,4063.7,7,3
2026-10-01T07:38:02+00:00,ocr_cron,0.0,2.0,1777.9,4063.7,7,3
2026-10-01T07:38:06+00:00,ocr_api-ocr_worker_1-1,268.3,691.0,1703.0,4063.3,7,3
2026-10-01T07:38:06+00:00,ocr_api,0.6,13.6,1703.0,4063.3,7,3
2026-10-01T07:38:06+00:00,ocr_postgres,0.0,22.7,1703.0,4063.3,7,3
2026-10-01T07:38:06+00:00,ocr_redis,4.8,3.2,1703.0,4063.3,7,3
2026-10-01T07:38:06+00:00,ocr_cron,0.0,2.1,1703.0,4063.3,7,3
2026-10-01T07:38:10+00:00,ocr_api-ocr_worker_1-1,286.6,691.0,1749.6,4062.7,7,3
2026-10-01T07:38:10+00:00,ocr_api,0.2,13.6,1749.6,4062.7,7,3
2026-10-01T07:38:10+00:00,ocr_postgres,0.0,22.7,1749.6,4062.7,7,3
2026-10-01T07:38:10+00:00,ocr_redis,0.6,3.2,1749.6,4062.7,7,3
2026-10-01T07:38:10+00:00,ocr_cron,0.0,2.1,1749.6,4062.7,7,3
2026-10-01T07:38:14+00:00,ocr_api-ocr_worker_1-1,294.8,691.0,1613.1,4061.6,7,3
2026-10-01T07:38:14+00:00,ocr_api,0.6,13.6,1613.1,4061.6,7,3
2026-10-01T07:38:14+00:00,ocr_postgres,0.1,22.7,1613.1,4061.6,7,3
2026-10-01T07:38:14+00:00,ocr_redis,0.6,3.0,1613.1,4061.6,7,3
2026-10-01T07:38:14+00:00,ocr_cron,0.0,2.1,1613.1,4061.6,7,3
2026-10-01T07:38:18+00:00,ocr_api-ocr_worker_1-1,253.0,691.0,1678.2,4061.2,7,3
2026-10-01T07:38:18+00:00,ocr_api,0.1,13.6,1678.2,4061.2,7,3
2026-10-01T07:38:18+00:00,ocr_postgres,0.0,22.7,1678.2,4061.2,7,3
2026-10-01T07:38:18+00:00,ocr_redis,0.6,3.2,1678.2,4061.2,7,3
2026-10-01T07:38:18+00:00,ocr_cron,0.0,2.1,1678.2,4061.2,7,3
2026-10-01T07:38:22+00:00,ocr_api-ocr_worker_1-1,278.6,692.4,1447.0,4054.6,7,3
2026-10-01T07:38:22+00:00,ocr_api,0.4,13.6,1447.0,4054.6,7,3
2026-10-01T07:38:22+00:00,ocr_postgres,0.1,22.7,1447.0,4054.6,7,3
2026-10-01T07:38:22+00:00,ocr_redis,0.6,3.0,1447.0,4054.6,7,3
2026-10-01T07:38:22+00:00,ocr_cron,0.0,2.1,1447.0,4054.6,7,3
2026-10-01T07:38:26+00:00,ocr_api-ocr_worker_1-1,314.8,692.3,1545.0,4052.1,7,3
2026-10-01T07:38:26+00:00,ocr_api,0.2,13.6,1545.0,4052.1,7,3
2026-10-01T07:38:26+00:00,ocr_postgres,4.1,25.1,1545.0,4052.1,7,3
2026-10-01T07:38:26+00:00,ocr_redis,4.5,3.0,1545.0,4052.1,7,3
2026-10-01T07:38:26+00:00,ocr_cron,0.0,2.1,1545.0,4052.1,7,3
2026-10-01T07:38:30+00:00,ocr_api-ocr_worker_1-1,273.6,693.3,1479.9,4051.8,7,3
2026-10-01T07:38:30+00:00,ocr_api,0.5,13.6,1479.9,4051.8,7,3
2026-10-01T07:38:30+00:00,ocr_postgres,0.1,22.7,1479.9,4051.8,7,3
2026-10-01T07:38:30+00:00,ocr_redis,0.6,3.0,1479.9,4051.8,7,3
2026-10-01T07:38:30+00:00,ocr_cron,0.0,2.1,1479.9,4051.8,7,3
2026-10-01T07:38:35+00:00,ocr_api-ocr_worker_1-1,215.5,734.9,1367.4,4046.0,7,3
2026-10-01T07:38:35+00:00,ocr_api,0.4,13.6,1367.4,4046.0,7,3
2026-10-01T07:38:35+00:00,ocr_postgres,0.0,22.7,1367.4,4046.0,7,3
2026-10-01T07:38:35+00:00,ocr_redis,0.7,3.2,1367.4,4046.0,7,3
2026-10-01T07:38:35+00:00,ocr_cron,0.0,2.1,1367.4,4046.0,7,3
2026-10-01T07:38:39+00:00,ocr_api-ocr_worker_1-1,267.1,694.0,1423.2,4045.0,7,3
2026-10-01T07:38:39+00:00,ocr_api,0.4,13.6,1423.2,4045.0,7,3
2026-10-01T07:38:39+00:00,ocr_postgres,7.4,22.7,1423.2,4045.0,7,3
2026-10-01T07:38:39+00:00,ocr_redis,0.6,3.2,1423.2,4045.0,7,3
2026-10-01T07:38:39+00:00,ocr_cron,0.0,2.1,1423.2,4045.0,7,3
2026-10-01T07:38:43+00:00,ocr_api-ocr_worker_1-1,262.4,695.6,1432.5,4044.5,7,3
2026-10-01T07:38:43+00:00,ocr_api,0.4,13.6,1432.5,4044.5,7,3
2026-10-01T07:38:43+00:00,ocr_postgres,8.6,22.8,1432.5,4044.5,7,3
2026-10-01T07:38:43+00:00,ocr_redis,0.6,3.0,1432.5,4044.5,7,3
2026-10-01T07:38:43+00:00,ocr_cron,0.0,2.1,1432.5,4044.5,7,3
2026-10-01T07:38:47+00:00,ocr_api-ocr_worker_1-1,248.9,695.6,1482.3,4043.2,7,3
2026-10-01T07:38:47+00:00,ocr_api,0.8,13.6,1482.3,4043.2,7,3
2026-10-01T07:38:47+00:00,ocr_postgres,0.1,22.7,1482.3,4043.2,7,3
2026-10-01T07:38:47+00:00,ocr_redis,0.6,3.0,1482.3,4043.2,7,3
2026-10-01T07:38:47+00:00,ocr_cron,0.0,2.1,1482.3,4043.2,7,3
2026-10-01T07:38:51+00:00,ocr_api-ocr_worker_1-1,318.1,695.6,1477.2,4042.2,7,3
2026-10-01T07:38:51+00:00,ocr_api,0.4,13.6,1477.2,4042.2,7,3
2026-10-01T07:38:51+00:00,ocr_postgres,0.1,22.8,1477.2,4042.2,7,3
2026-10-01T07:38:51+00:00,ocr_redis,0.7,3.0,1477.2,4042.2,7,3
2026-10-01T07:38:51+00:00,ocr_cron,0.0,2.1,1477.2,4042.2,7,3
2026-10-01T07:38:55+00:00,ocr_api-ocr_worker_1-1,333.0,695.6,1560.8,4042.1,7,3
2026-10-01T07:38:55+00:00,ocr_api,0.3,13.6,1560.8,4042.1,7,3
2026-10-01T07:38:55+00:00,ocr_postgres,0.1,22.8,1560.8,4042.1,7,3
2026-10-01T07:38:55+00:00,ocr_redis,0.6,3.0,1560.8,4042.1,7,3
2026-10-01T07:38:55+00:00,ocr_cron,0.0,2.1,1560.8,4042.1,7,3
2026-10-01T07:38:59+00:00,ocr_api-ocr_worker_1-1,253.4,695.9,1464.3,4041.5,7,3
2026-10-01T07:38:59+00:00,ocr_api,0.3,13.6,1464.3,4041.5,7,3
2026-10-01T07:38:59+00:00,ocr_postgres,0.0,22.8,1464.3,4041.5,7,3
2026-10-01T07:38:59+00:00,ocr_redis,0.6,3.0,1464.3,4041.5,7,3
2026-10-01T07:38:59+00:00,ocr_cron,0.0,2.1,1464.3,4041.5,7,3
2026-10-01T07:39:03+00:00,ocr_api-ocr_worker_1-1,226.0,695.9,1541.4,4040.6,7,3
2026-10-01T07:39:03+00:00,ocr_api,0.4,13.6,1541.4,4040.6,7,3
2026-10-01T07:39:03+00:00,ocr_postgres,7.1,22.8,1541.4,4040.6,7,3
2026-10-01T07:39:03+00:00,ocr_redis,0.7,3.0,1541.4,4040.6,7,3
2026-10-01T07:39:03+00:00,ocr_cron,0.0,2.1,1541.4,4040.6,7,3
2026-10-01T07:39:07+00:00,ocr_api-ocr_worker_1-1,264.2,695.9,1463.4,4037.3,7,3
2026-10-01T07:39:07+00:00,ocr_api,0.3,13.6,1463.4,4037.3,7,3
2026-10-01T07:39:07+00:00,ocr_postgres,0.0,22.8,1463.4,4037.3,7,3
2026-10-01T07:39:07+00:00,ocr_redis,5.3,3.2,1463.4,4037.3,7,3
2026-10-01T07:39:07+00:00,ocr_cron,0.0,2.1,1463.4,4037.3,7,3
2026-10-01T07:39:11+00:00,ocr_api-ocr_worker_1-1,214.6,696.0,1583.5,4036.9,7,3
2026-10-01T07:39:11+00:00,ocr_api,0.3,13.6,1583.5,4036.9,7,3
2026-10-01T07:39:11+00:00,ocr_postgres,0.1,22.8,1583.5,4036.9,7,3
2026-10-01T07:39:11+00:00,ocr_redis,0.7,3.2,1583.5,4036.9,7,3
2026-10-01T07:39:11+00:00,ocr_cron,0.0,2.1,1583.5,4036.9,7,3
2026-10-01T07:39:15+00:00,ocr_api-ocr_worker_1-1,256.4,696.0,1615.4,4036.7,7,3
2026-10-01T07:39:15+00:00,ocr_api,0.3,13.6,1615.4,4036.7,7,3
2026-10-01T07:39:15+00:00,ocr_postgres,0.2,22.8,1615.4,4036.7,7,3
2026-10-01T07:39:15+00:00,ocr_redis,0.7,3.0,1615.4,4036.7,7,3
2026-10-01T07:39:15+00:00,ocr_cron,0.0,2.1,1615.4,4036.7,7,3
2026-10-01T07:39:19+00:00,ocr_api-ocr_worker_1-1,270.6,696.0,1571.2,4035.6,7,3
2026-10-01T07:39:19+00:00,ocr_api,0.1,13.6,1571.2,4035.6,7,3
2026-10-01T07:39:19+00:00,ocr_postgres,0.0,22.8,1571.2,4035.6,7,3
2026-10-01T07:39:19+00:00,ocr_redis,0.6,3.0,1571.2,4035.6,7,3
2026-10-01T07:39:19+00:00,ocr_cron,0.0,2.1,1571.2,4035.6,7,3
2026-10-01T07:39:23+00:00,ocr_api-ocr_worker_1-1,213.6,696.1,1374.1,4031.4,7,3
2026-10-01T07:39:23+00:00,ocr_api,0.1,13.6,1374.1,4031.4,7,3
2026-10-01T07:39:23+00:00,ocr_postgres,6.4,22.8,1374.1,4031.4,7,3
2026-10-01T07:39:23+00:00,ocr_redis,0.7,3.0,1374.1,4031.4,7,3
2026-10-01T07:39:23+00:00,ocr_cron,0.0,2.1,1374.1,4031.4,7,3
2026-10-01T07:39:28+00:00,ocr_api-ocr_worker_1-1,235.1,739.6,1456.9,4027.9,7,3
2026-10-01T07:39:28+00:00,ocr_api,0.1,13.6,1456.9,4027.9,7,3
2026-10-01T07:39:28+00:00,ocr_postgres,0.0,22.8,1456.9,4027.9,7,3
2026-10-01T07:39:28+00:00,ocr_redis,4.1,3.0,1456.9,4027.9,7,3
2026-10-01T07:39:28+00:00,ocr_cron,0.0,2.1,1456.9,4027.9,7,3
2026-10-01T07:39:32+00:00,ocr_api-ocr_worker_1-1,260.0,696.2,1553.9,4027.6,7,3
2026-10-01T07:39:32+00:00,ocr_api,0.1,13.7,1553.9,4027.6,7,3
2026-10-01T07:39:32+00:00,ocr_postgres,0.1,22.8,1553.9,4027.6,7,3
2026-10-01T07:39:32+00:00,ocr_redis,0.6,3.2,1553.9,4027.6,7,3
2026-10-01T07:39:32+00:00,ocr_cron,0.0,2.1,1553.9,4027.6,7,3
2026-10-01T07:39:36+00:00,ocr_api-ocr_worker_1-1,279.9,696.2,1527.9,4021.2,7,3
2026-10-01T07:39:36+00:00,ocr_api,0.1,13.6,1527.9,4021.2,7,3
2026-10-01T07:39:36+00:00,ocr_postgres,0.0,22.8,1527.9,4021.2,7,3
2026-10-01T07:39:36+00:00,ocr_redis,0.6,3.2,1527.9,4021.2,7,3
2026-10-01T07:39:36+00:00,ocr_cron,0.0,2.1,1527.9,4021.2,7,3
2026-10-01T07:39:40+00:00,ocr_api-ocr_worker_1-1,286.2,720.6,1452.3,4013.3,7,3
2026-10-01T07:39:40+00:00,ocr_api,0.3,13.7,1452.3,4013.3,7,3
2026-10-01T07:39:40+00:00,ocr_postgres,0.0,22.8,1452.3,4013.3,7,3
2026-10-01T07:39:40+00:00,ocr_redis,0.7,3.2,1452.3,4013.3,7,3
2026-10-01T07:39:40+00:00,ocr_cron,0.0,2.1,1452.3,4013.3,7,3
2026-10-01T07:39:44+00:00,ocr_api-ocr_worker_1-1,292.3,696.3,1455.3,4006.4,7,3
2026-10-01T07:39:44+00:00,ocr_api,0.3,13.7,1455.3,4006.4,7,3
2026-10-01T07:39:44+00:00,ocr_postgres,6.9,27.6,1455.3,4006.4,7,3
2026-10-01T07:39:44+00:00,ocr_redis,0.6,3.0,1455.3,4006.4,7,3
2026-10-01T07:39:44+00:00,ocr_cron,0.0,2.1,1455.3,4006.4,7,3
2026-10-01T07:39:48+00:00,ocr_api-ocr_worker_1-1,236.7,696.4,1520.4,4005.9,7,3
2026-10-01T07:39:48+00:00,ocr_api,0.5,13.7,1520.4,4005.9,7,3
2026-10-01T07:39:48+00:00,ocr_postgres,0.1,22.8,1520.4,4005.9,7,3
2026-10-01T07:39:48+00:00,ocr_redis,3.2,3.0,1520.4,4005.9,7,3
2026-10-01T07:39:48+00:00,ocr_cron,0.0,2.1,1520.4,4005.9,7,3
2026-10-01T07:39:52+00:00,ocr_api-ocr_worker_1-1,277.2,723.2,1460.6,4003.5,7,3
2026-10-01T07:39:52+00:00,ocr_api,0.3,13.6,1460.6,4003.5,7,3
2026-10-01T07:39:52+00:00,ocr_postgres,0.0,22.8,1460.6,4003.5,7,3
2026-10-01T07:39:52+00:00,ocr_redis,0.6,3.0,1460.6,4003.5,7,3
2026-10-01T07:39:52+00:00,ocr_cron,0.0,2.1,1460.6,4003.5,7,3
2026-10-01T07:39:56+00:00,ocr_api-ocr_worker_1-1,253.5,729.7,1507.1,4002.9,7,3
2026-10-01T07:39:56+00:00,ocr_api,0.8,13.7,1507.1,4002.9,7,3
2026-10-01T07:39:56+00:00,ocr_postgres,0.1,22.8,1507.1,4002.9,7,3
2026-10-01T07:39:56+00:00,ocr_redis,0.6,3.2,1507.1,4002.9,7,3
2026-10-01T07:39:56+00:00,ocr_cron,0.0,2.1,1507.1,4002.9,7,3
2026-10-01T07:40:00+00:00,ocr_api-ocr_worker_1-1,264.5,696.8,1504.5,4002.5,7,3
2026-10-01T07:40:00+00:00,ocr_api,0.3,13.7,1504.5,4002.5,7,3
2026-10-01T07:40:00+00:00,ocr_postgres,7.6,22.8,1504.5,4002.5,7,3
2026-10-01T07:40:00+00:00,ocr_redis,0.6,3.0,1504.5,4002.5,7,3
2026-10-01T07:40:00+00:00,ocr_cron,0.0,2.1,1504.5,4002.5,7,3
2026-10-01T07:40:04+00:00,ocr_api-ocr_worker_1-1,196.7,729.3,1421.8,4002.0,7,3
2026-10-01T07:40:04+00:00,ocr_api,0.5,13.7,1421.8,4002.0,7,3
2026-10-01T07:40:04+00:00,ocr_postgres,0.7,22.9,1421.8,4002.0,7,3
2026-10-01T07:40:04+00:00,ocr_redis,0.8,3.6,1421.8,4002.0,7,3
2026-10-01T07:40:04+00:00,ocr_cron,71.7,161.7,1421.8,4002.0,7,3
2026-10-01T07:40:08+00:00,ocr_api-ocr_worker_1-1,325.0,696.9,1439.6,4001.0,7,3
2026-10-01T07:40:08+00:00,ocr_api,0.4,13.7,1439.6,4001.0,7,3
2026-10-01T07:40:08+00:00,ocr_postgres,0.0,22.9,1439.6,4001.0,7,3
2026-10-01T07:40:08+00:00,ocr_redis,3.1,3.7,1439.6,4001.0,7,3
2026-10-01T07:40:08+00:00,ocr_cron,0.0,101.7,1439.6,4001.0,7,3
2026-10-01T07:40:12+00:00,ocr_api-ocr_worker_1-1,260.5,697.3,1444.4,4000.1,7,3
2026-10-01T07:40:12+00:00,ocr_api,0.7,13.7,1444.4,4000.1,7,3
2026-10-01T07:40:12+00:00,ocr_postgres,0.1,22.9,1444.4,4000.1,7,3
2026-10-01T07:40:12+00:00,ocr_redis,0.7,3.9,1444.4,4000.1,7,3
2026-10-01T07:40:12+00:00,ocr_cron,0.0,101.7,1444.4,4000.1,7,3
2026-10-01T07:40:16+00:00,ocr_api-ocr_worker_1-1,268.2,697.7,1506.2,3999.7,7,3
2026-10-01T07:40:16+00:00,ocr_api,0.4,13.7,1506.2,3999.7,7,3
2026-10-01T07:40:16+00:00,ocr_postgres,0.0,22.9,1506.2,3999.7,7,3
2026-10-01T07:40:16+00:00,ocr_redis,0.7,3.6,1506.2,3999.7,7,3
2026-10-01T07:40:16+00:00,ocr_cron,0.0,101.7,1506.2,3999.7,7,3
2026-10-01T07:40:21+00:00,ocr_api-ocr_worker_1-1,267.5,697.3,1405.3,3999.1,7,3
2026-10-01T07:40:21+00:00,ocr_api,0.9,13.7,1405.3,3999.1,7,3
2026-10-01T07:40:21+00:00,ocr_postgres,0.0,22.9,1405.3,3999.1,7,3
2026-10-01T07:40:21+00:00,ocr_redis,0.7,3.6,1405.3,3999.1,7,3
2026-10-01T07:40:21+00:00,ocr_cron,0.0,101.7,1405.3,3999.1,7,3
2026-10-01T07:40:25+00:00,ocr_api-ocr_worker_1-1,253.8,698.2,1680.7,3998.9,7,3
2026-10-01T07:40:25+00:00,ocr_api,0.3,13.7,1680.7,3998.9,7,3
2026-10-01T07:40:25+00:00,ocr_postgres,0.0,22.9,1680.7,3998.9,7,3
2026-10-01T07:40:25+00:00,ocr_redis,0.7,3.6,1680.7,3998.9,7,3
2026-10-01T07:40:25+00:00,ocr_cron,0.0,101.7,1680.7,3998.9,7,3
2026-10-01T07:40:29+00:00,ocr_api-ocr_worker_1-1,252.8,698.0,1355.5,3998.4,7,3
2026-10-01T07:40:29+00:00,ocr_api,0.3,13.7,1355.5,3998.4,7,3
2026-10-01T07:40:29+00:00,ocr_postgres,0.0,22.9,1355.5,3998.4,7,3
2026-10-01T07:40:29+00:00,ocr_redis,4.6,3.6,1355.5,3998.4,7,3
2026-10-01T07:40:29+00:00,ocr_cron,0.0,101.7,1355.5,3998.4,7,3
2026-10-01T07:40:33+00:00,ocr_api-ocr_worker_1-1,242.4,698.0,1367.4,3997.7,7,3
2026-10-01T07:40:33+00:00,ocr_api,0.2,13.7,1367.4,3997.7,7,3
2026-10-01T07:40:33+00:00,ocr_postgres,0.0,22.9,1367.4,3997.7,7,3
2026-10-01T07:40:33+00:00,ocr_redis,0.7,3.6,1367.4,3997.7,7,3
2026-10-01T07:40:33+00:00,ocr_cron,0.0,101.7,1367.4,3997.7,7,3
2026-10-01T07:40:37+00:00,ocr_api-ocr_worker_1-1,255.4,734.6,1337.9,3996.9,7,3
2026-10-01T07:40:37+00:00,ocr_api,0.5,13.7,1337.9,3996.9,7,3
2026-10-01T07:40:37+00:00,ocr_postgres,8.7,23.0,1337.9,3996.9,7,3
2026-10-01T07:40:37+00:00,ocr_redis,0.8,3.6,1337.9,3996.9,7,3
2026-10-01T07:40:37+00:00,ocr_cron,0.0,101.7,1337.9,3996.9,7,3
2026-10-01T07:40:41+00:00,ocr_api-ocr_worker_1-1,194.9,700.6,1278.2,3957.9,7,3
2026-10-01T07:40:41+00:00,ocr_api,0.4,13.7,1278.2,3957.9,7,3
2026-10-01T07:40:41+00:00,ocr_postgres,9.2,31.1,1278.2,3957.9,7,3
2026-10-01T07:40:41+00:00,ocr_redis,0.9,3.8,1278.2,3957.9,7,3
2026-10-01T07:40:41+00:00,ocr_cron,0.0,101.7,1278.2,3957.9,7,3
2026-10-01T07:40:45+00:00,ocr_api-ocr_worker_1-1,293.5,752.0,1256.9,3892.2,6,3
2026-10-01T07:40:45+00:00,ocr_api,0.4,13.9,1256.9,3892.2,6,3
2026-10-01T07:40:45+00:00,ocr_postgres,0.1,27.7,1256.9,3892.2,6,3
2026-10-01T07:40:45+00:00,ocr_redis,0.7,4.0,1256.9,3892.2,6,3
2026-10-01T07:40:45+00:00,ocr_cron,0.0,101.7,1256.9,3892.2,6,3
2026-10-01T07:40:49+00:00,ocr_api-ocr_worker_1-1,180.6,676.1,1428.2,3919.3,6,3
2026-10-01T07:40:49+00:00,ocr_api,0.4,16.6,1428.2,3919.3,6,3
2026-10-01T07:40:49+00:00,ocr_postgres,0.0,27.8,1428.2,3919.3,6,3
2026-10-01T07:40:49+00:00,ocr_redis,3.8,4.0,1428.2,3919.3,6,3
2026-10-01T07:40:49+00:00,ocr_cron,0.0,101.7,1428.2,3919.3,6,3
2026-10-01T07:40:53+00:00,ocr_api-ocr_worker_1-1,175.9,676.1,1099.5,3915.1,7,3
2026-10-01T07:40:53+00:00,ocr_api,0.9,16.6,1099.5,3915.1,7,3
2026-10-01T07:40:53+00:00,ocr_postgres,0.1,27.9,1099.5,3915.1,7,3
2026-10-01T07:40:53+00:00,ocr_redis,0.8,3.9,1099.5,3915.1,7,3
2026-10-01T07:40:53+00:00,ocr_cron,0.0,101.7,1099.5,3915.1,7,3
2026-10-01T07:40:57+00:00,ocr_api-ocr_worker_1-1,256.4,679.9,1157.6,3906.8,7,3
2026-10-01T07:40:57+00:00,ocr_api,0.3,16.6,1157.6,3906.8,7,3
2026-10-01T07:40:57+00:00,ocr_postgres,8.9,27.9,1157.6,3906.8,7,3
2026-10-01T07:40:57+00:00,ocr_redis,0.7,3.9,1157.6,3906.8,7,3
2026-10-01T07:40:57+00:00,ocr_cron,0.0,101.7,1157.6,3906.8,7,3
2026-10-01T07:41:01+00:00,ocr_api-ocr_worker_1-1,145.2,679.9,1142.1,3872.1,6,3
2026-10-01T07:41:01+00:00,ocr_api,2.2,17.0,1142.1,3872.1,6,3
2026-10-01T07:41:01+00:00,ocr_postgres,1.3,30.1,1142.1,3872.1,6,3
2026-10-01T07:41:01+00:00,ocr_redis,0.8,4.3,1142.1,3872.1,6,3
2026-10-01T07:41:01+00:00,ocr_cron,0.0,101.7,1142.1,3872.1,6,3
2026-10-01T07:41:05+00:00,ocr_api-ocr_worker_1-1,174.9,689.8,991.2,4028.3,6,3
2026-10-01T07:41:05+00:00,ocr_api,0.6,16.8,991.2,4028.3,6,3
2026-10-01T07:41:05+00:00,ocr_postgres,0.1,23.4,991.2,4028.3,6,3
2026-10-01T07:41:05+00:00,ocr_redis,0.7,4.4,991.2,4028.3,6,3
2026-10-01T07:41:05+00:00,ocr_cron,0.0,100.0,991.2,4028.3,6,3
2026-10-01T07:41:10+00:00,ocr_api-ocr_worker_1-1,122.7,1155.1,1147.1,4092.8,7,3
2026-10-01T07:41:10+00:00,ocr_api,0.6,17.0,1147.1,4092.8,7,3
2026-10-01T07:41:10+00:00,ocr_postgres,0.1,25.8,1147.1,4092.8,7,3
2026-10-01T07:41:10+00:00,ocr_redis,3.8,4.4,1147.1,4092.8,7,3
2026-10-01T07:41:10+00:00,ocr_cron,0.0,11.2,1147.1,4092.8,7,3
2026-10-01T07:41:13+00:00,ocr_api-ocr_worker_1-1,208.2,624.2,111.7,4095.4,7,3
2026-10-01T07:41:13+00:00,ocr_api,0.7,14.5,111.7,4095.4,7,3
2026-10-01T07:41:13+00:00,ocr_postgres,9.7,35.9,111.7,4095.4,7,3
2026-10-01T07:41:13+00:00,ocr_redis,0.8,3.1,111.7,4095.4,7,3
2026-10-01T07:41:13+00:00,ocr_cron,0.0,1.9,111.7,4095.4,7,3
2026-10-01T07:41:18+00:00,ocr_api-ocr_worker_1-1,193.2,746.5,1487.0,3246.7,7,3
2026-10-01T07:41:18+00:00,ocr_api,1.0,14.5,1487.0,3246.7,7,3
2026-10-01T07:41:18+00:00,ocr_postgres,0.1,35.9,1487.0,3246.7,7,3
2026-10-01T07:41:18+00:00,ocr_redis,1.0,6.7,1487.0,3246.7,7,3
2026-10-01T07:41:18+00:00,ocr_cron,0.0,1.9,1487.0,3246.7,7,3
2026-10-01T07:41:22+00:00,ocr_api-ocr_worker_1-1,151.7,728.0,1729.8,3218.5,7,3
2026-10-01T07:41:22+00:00,ocr_api,1.4,14.5,1729.8,3218.5,7,3
2026-10-01T07:41:22+00:00,ocr_postgres,1.6,36.3,1729.8,3218.5,7,3
2026-10-01T07:41:22+00:00,ocr_redis,1.0,6.7,1729.8,3218.5,7,3
2026-10-01T07:41:22+00:00,ocr_cron,0.0,1.9,1729.8,3218.5,7,3
2026-10-01T07:41:26+00:00,ocr_api-ocr_worker_1-1,194.7,827.3,1629.4,3183.6,7,3
2026-10-01T07:41:26+00:00,ocr_api,0.8,14.5,1629.4,3183.6,7,3
2026-10-01T07:41:26+00:00,ocr_postgres,0.1,36.3,1629.4,3183.6,7,3
2026-10-01T07:41:26+00:00,ocr_redis,0.7,6.9,1629.4,3183.6,7,3
2026-10-01T07:41:26+00:00,ocr_cron,0.0,1.9,1629.4,3183.6,7,3
2026-10-01T07:41:30+00:00,ocr_api-ocr_worker_1-1,286.1,798.8,1712.8,3151.2,7,3
2026-10-01T07:41:30+00:00,ocr_api,1.1,14.5,1712.8,3151.2,7,3
2026-10-01T07:41:30+00:00,ocr_postgres,0.1,36.4,1712.8,3151.2,7,3
2026-10-01T07:41:30+00:00,ocr_redis,5.0,6.7,1712.8,3151.2,7,3
2026-10-01T07:41:30+00:00,ocr_cron,0.0,1.9,1712.8,3151.2,7,3
2026-10-01T07:41:34+00:00,ocr_api-ocr_worker_1-1,226.8,855.7,1520.2,3142.4,7,3
2026-10-01T07:41:34+00:00,ocr_api,1.0,15.2,1520.2,3142.4,7,3
2026-10-01T07:41:34+00:00,ocr_postgres,9.5,28.9,1520.2,3142.4,7,3
2026-10-01T07:41:34+00:00,ocr_redis,0.8,6.6,1520.2,3142.4,7,3
2026-10-01T07:41:34+00:00,ocr_cron,0.0,1.9,1520.2,3142.4,7,3
2026-10-01T07:41:38+00:00,ocr_api-ocr_worker_1-1,305.4,652.7,1784.3,3302.3,7,3
2026-10-01T07:41:38+00:00,ocr_api,0.6,16.9,1784.3,3302.3,7,3
2026-10-01T07:41:38+00:00,ocr_postgres,0.1,28.6,1784.3,3302.3,7,3
2026-10-01T07:41:38+00:00,ocr_redis,0.7,5.7,1784.3,3302.3,7,3
2026-10-01T07:41:38+00:00,ocr_cron,0.0,1.9,1784.3,3302.3,7,3
2026-10-01T07:41:42+00:00,ocr_api-ocr_worker_1-1,210.4,691.0,1876.3,3281.3,7,3
2026-10-01T07:41:42+00:00,ocr_api,1.1,16.9,1876.3,3281.3,7,3
2026-10-01T07:41:42+00:00,ocr_postgres,0.2,30.5,1876.3,3281.3,7,3
2026-10-01T07:41:42+00:00,ocr_redis,0.7,5.7,1876.3,3281.3,7,3
2026-10-01T07:41:42+00:00,ocr_cron,0.0,1.9,1876.3,3281.3,7,3
2026-10-01T07:41:46+00:00,ocr_api-ocr_worker_1-1,148.5,552.3,1904.1,3262.6,7,3
2026-10-01T07:41:46+00:00,ocr_api,0.6,16.9,1904.1,3262.6,7,3
2026-10-01T07:41:46+00:00,ocr_postgres,0.1,30.5,1904.1,3262.6,7,3
2026-10-01T07:41:46+00:00,ocr_redis,0.7,5.7,1904.1,3262.6,7,3
2026-10-01T07:41:46+00:00,ocr_cron,0.0,1.9,1904.1,3262.6,7,3
2026-10-01T07:41:50+00:00,ocr_api-ocr_worker_1-1,235.2,558.7,1980.1,3238.3,7,3
2026-10-01T07:41:50+00:00,ocr_api,0.3,16.9,1980.1,3238.3,7,3
2026-10-01T07:41:50+00:00,ocr_postgres,0.1,30.5,1980.1,3238.3,7,3
2026-10-01T07:41:50+00:00,ocr_redis,3.8,5.7,1980.1,3238.3,7,3
2026-10-01T07:41:50+00:00,ocr_cron,0.0,1.9,1980.1,3238.3,7,3
2026-10-01T07:41:55+00:00,ocr_api-ocr_worker_1-1,220.3,582.9,2014.2,3211.3,7,3
2026-10-01T07:41:55+00:00,ocr_api,0.2,16.9,2014.2,3211.3,7,3
2026-10-01T07:41:55+00:00,ocr_postgres,0.0,30.5,2014.2,3211.3,7,3
2026-10-01T07:41:55+00:00,ocr_redis,0.7,5.7,2014.2,3211.3,7,3
2026-10-01T07:41:55+00:00,ocr_cron,0.0,1.9,2014.2,3211.3,7,3
2026-10-01T07:41:59+00:00,ocr_api-ocr_worker_1-1,274.9,583.4,2012.3,3178.6,7,3
2026-10-01T07:41:59+00:00,ocr_api,0.4,16.9,2012.3,3178.6,7,3
2026-10-01T07:41:59+00:00,ocr_postgres,0.1,30.5,2012.3,3178.6,7,3
2026-10-01T07:41:59+00:00,ocr_redis,0.8,5.7,2012.3,3178.6,7,3
2026-10-01T07:41:59+00:00,ocr_cron,0.0,1.9,2012.3,3178.6,7,3
2026-10-01T07:42:03+00:00,ocr_api-ocr_worker_1-1,213.4,583.4,1977.5,3178.1,7,3
2026-10-01T07:42:03+00:00,ocr_api,0.3,16.9,1977.5,3178.1,7,3
2026-10-01T07:42:03+00:00,ocr_postgres,0.0,30.6,1977.5,3178.1,7,3
2026-10-01T07:42:03+00:00,ocr_redis,0.7,6.0,1977.5,3178.1,7,3
2026-10-01T07:42:03+00:00,ocr_cron,0.0,2.0,1977.5,3178.1,7,3
2026-10-01T07:42:07+00:00,ocr_api-ocr_worker_1-1,189.1,657.1,1967.5,3171.1,7,3
2026-10-01T07:42:07+00:00,ocr_api,0.3,16.9,1967.5,3171.1,7,3
2026-10-01T07:42:07+00:00,ocr_postgres,0.1,30.6,1967.5,3171.1,7,3
2026-10-01T07:42:07+00:00,ocr_redis,0.6,5.7,1967.5,3171.1,7,3
2026-10-01T07:42:07+00:00,ocr_cron,0.0,2.0,1967.5,3171.1,7,3
2026-10-01T07:42:11+00:00,ocr_api-ocr_worker_1-1,232.6,633.6,1754.8,3123.3,7,3
2026-10-01T07:42:11+00:00,ocr_api,0.6,16.9,1754.8,3123.3,7,3
2026-10-01T07:42:11+00:00,ocr_postgres,0.1,30.6,1754.8,3123.3,7,3
2026-10-01T07:42:11+00:00,ocr_redis,4.3,5.7,1754.8,3123.3,7,3
2026-10-01T07:42:11+00:00,ocr_cron,0.0,2.0,1754.8,3123.3,7,3
2026-10-01T07:42:15+00:00,ocr_api-ocr_worker_1-1,260.6,633.8,1674.6,3121.3,7,3
2026-10-01T07:42:15+00:00,ocr_api,0.8,16.9,1674.6,3121.3,7,3
2026-10-01T07:42:15+00:00,ocr_postgres,11.3,30.6,1674.6,3121.3,7,3
2026-10-01T07:42:15+00:00,ocr_redis,0.7,5.7,1674.6,3121.3,7,3
2026-10-01T07:42:15+00:00,ocr_cron,0.0,2.0,1674.6,3121.3,7,3
2026-10-01T07:42:19+00:00,ocr_api-ocr_worker_1-1,227.0,633.8,1781.1,3119.1,7,3
2026-10-01T07:42:19+00:00,ocr_api,0.7,16.9,1781.1,3119.1,7,3
2026-10-01T07:42:19+00:00,ocr_postgres,0.0,30.6,1781.1,3119.1,7,3
2026-10-01T07:42:19+00:00,ocr_redis,0.7,5.7,1781.1,3119.1,7,3
2026-10-01T07:42:19+00:00,ocr_cron,0.0,2.0,1781.1,3119.1,7,3
2026-10-01T07:42:23+00:00,ocr_api-ocr_worker_1-1,276.4,691.4,1613.5,3100.3,7,3
2026-10-01T07:42:23+00:00,ocr_api,1.1,16.9,1613.5,3100.3,7,3
2026-10-01T07:42:23+00:00,ocr_postgres,0.2,30.7,1613.5,3100.3,7,3
2026-10-01T07:42:23+00:00,ocr_redis,0.6,5.7,1613.5,3100.3,7,3
2026-10-01T07:42:23+00:00,ocr_cron,0.0,2.0,1613.5,3100.3,7,3
2026-10-01T07:42:27+00:00,ocr_api-ocr_worker_1-1,268.1,667.8,1195.4,3095.8,7,3
2026-10-01T07:42:27+00:00,ocr_api,0.4,16.9,1195.4,3095.8,7,3
2026-10-01T07:42:27+00:00,ocr_postgres,0.0,30.7,1195.4,3095.8,7,3
2026-10-01T07:42:27+00:00,ocr_redis,0.6,5.7,1195.4,3095.8,7,3
2026-10-01T07:42:27+00:00,ocr_cron,0.0,2.0,1195.4,3095.8,7,3
2026-10-01T07:42:31+00:00,ocr_api-ocr_worker_1-1,234.1,667.8,1541.3,3094.6,7,3
2026-10-01T07:42:31+00:00,ocr_api,1.3,16.9,1541.3,3094.6,7,3
2026-10-01T07:42:31+00:00,ocr_postgres,0.2,30.7,1541.3,3094.6,7,3
2026-10-01T07:42:31+00:00,ocr_redis,5.0,5.7,1541.3,3094.6,7,3
2026-10-01T07:42:31+00:00,ocr_cron,0.0,2.0,1541.3,3094.6,7,3
2026-10-01T07:42:35+00:00,ocr_api-ocr_worker_1-1,232.1,719.3,1474.3,3093.8,7,3
2026-10-01T07:42:35+00:00,ocr_api,0.2,16.9,1474.3,3093.8,7,3
2026-10-01T07:42:35+00:00,ocr_postgres,10.1,30.7,1474.3,3093.8,7,3
2026-10-01T07:42:35+00:00,ocr_redis,0.7,5.7,1474.3,3093.8,7,3
2026-10-01T07:42:35+00:00,ocr_cron,0.0,2.0,1474.3,3093.8,7,3
2026-10-01T07:42:40+00:00,ocr_api-ocr_worker_1-1,215.1,646.3,1456.0,3092.8,7,3
2026-10-01T07:42:40+00:00,ocr_api,1.1,16.9,1456.0,3092.8,7,3
2026-10-01T07:42:40+00:00,ocr_postgres,0.2,30.7,1456.0,3092.8,7,3
2026-10-01T07:42:40+00:00,ocr_redis,0.8,5.7,1456.0,3092.8,7,3
2026-10-01T07:42:40+00:00,ocr_cron,0.0,2.0,1456.0,3092.8,7,3
2026-10-01T07:42:44+00:00,ocr_api-ocr_worker_1-1,219.9,674.1,1580.4,3087.3,7,3
2026-10-01T07:42:44+00:00,ocr_api,0.2,16.9,1580.4,3087.3,7,3
2026-10-01T07:42:44+00:00,ocr_postgres,0.0,30.7,1580.4,3087.3,7,3
2026-10-01T07:42:44+00:00,ocr_redis,0.8,5.7,1580.4,3087.3,7,3
2026-10-01T07:42:44+00:00,ocr_cron,0.0,2.0,1580.4,3087.3,7,3
2026-10-01T07:42:48+00:00,ocr_api-ocr_worker_1-1,205.5,674.1,834.2,3085.6,7,3
2026-10-01T07:42:48+00:00,ocr_api,0.3,16.9,834.2,3085.6,7,3
2026-10-01T07:42:48+00:00,ocr_postgres,0.2,30.7,834.2,3085.6,7,3
2026-10-01T07:42:48+00:00,ocr_redis,0.7,6.0,834.2,3085.6,7,3
2026-10-01T07:42:48+00:00,ocr_cron,0.0,2.0,834.2,3085.6,7,3
2026-10-01T07:42:52+00:00,ocr_api-ocr_worker_1-1,251.4,672.5,1692.9,3170.2,7,3
2026-10-01T07:42:52+00:00,ocr_api,0.1,16.9,1692.9,3170.2,7,3
2026-10-01T07:42:52+00:00,ocr_postgres,4.7,20.6,1692.9,3170.2,7,3
2026-10-01T07:42:52+00:00,ocr_redis,0.6,5.7,1692.9,3170.2,7,3
2026-10-01T07:42:52+00:00,ocr_cron,0.0,2.0,1692.9,3170.2,7,3
2026-10-01T07:42:56+00:00,ocr_api-ocr_worker_1-1,233.8,679.1,1782.4,3163.7,7,3
2026-10-01T07:42:56+00:00,ocr_api,0.9,16.9,1782.4,3163.7,7,3
2026-10-01T07:42:56+00:00,ocr_postgres,0.2,20.6,1782.4,3163.7,7,3
2026-10-01T07:42:56+00:00,ocr_redis,0.7,6.0,1782.4,3163.7,7,3
2026-10-01T07:42:56+00:00,ocr_cron,0.0,2.0,1782.4,3163.7,7,3
2026-10-01T07:43:00+00:00,ocr_api-ocr_worker_1-1,270.2,767.9,1773.5,3152.7,7,3
2026-10-01T07:43:00+00:00,ocr_api,0.3,16.9,1773.5,3152.7,7,3
2026-10-01T07:43:00+00:00,ocr_postgres,0.0,20.6,1773.5,3152.7,7,3
2026-10-01T07:43:00+00:00,ocr_redis,0.7,5.7,1773.5,3152.7,7,3
2026-10-01T07:43:00+00:00,ocr_cron,0.0,2.0,1773.5,3152.7,7,3
2026-10-01T07:43:04+00:00,ocr_api-ocr_worker_1-1,207.9,682.2,1433.9,3091.9,7,3
2026-10-01T07:43:04+00:00,ocr_api,0.3,16.9,1433.9,3091.9,7,3
2026-10-01T07:43:04+00:00,ocr_postgres,0.0,20.6,1433.9,3091.9,7,3
2026-10-01T07:43:04+00:00,ocr_redis,0.8,5.8,1433.9,3091.9,7,3
2026-10-01T07:43:04+00:00,ocr_cron,0.0,2.0,1433.9,3091.9,7,3
2026-10-01T07:43:08+00:00,ocr_api-ocr_worker_1-1,242.6,677.7,1550.0,3091.2,7,3
2026-10-01T07:43:08+00:00,ocr_api,0.3,16.9,1550.0,3091.2,7,3
2026-10-01T07:43:08+00:00,ocr_postgres,0.0,20.6,1550.0,3091.2,7,3
2026-10-01T07:43:08+00:00,ocr_redis,0.7,5.8,1550.0,3091.2,7,3
2026-10-01T07:43:08+00:00,ocr_cron,0.0,2.0,1550.0,3091.2,7,3
2026-10-01T07:43:12+00:00,ocr_api-ocr_worker_1-1,201.6,686.7,1699.1,3082.7,7,3
2026-10-01T07:43:12+00:00,ocr_api,0.3,16.9,1699.1,3082.7,7,3
2026-10-01T07:43:12+00:00,ocr_postgres,0.1,20.6,1699.1,3082.7,7,3
2026-10-01T07:43:12+00:00,ocr_redis,4.9,5.8,1699.1,3082.7,7,3
2026-10-01T07:43:12+00:00,ocr_cron,0.0,2.0,1699.1,3082.7,7,3
2026-10-01T07:43:16+00:00,ocr_api-ocr_worker_1-1,164.7,728.7,1518.1,3037.9,7,3
2026-10-01T07:43:16+00:00,ocr_api,0.2,16.9,1518.1,3037.9,7,3
2026-10-01T07:43:16+00:00,ocr_postgres,0.0,20.6,1518.1,3037.9,7,3
2026-10-01T07:43:16+00:00,ocr_redis,0.7,5.8,1518.1,3037.9,7,3
2026-10-01T07:43:16+00:00,ocr_cron,0.0,2.0,1518.1,3037.9,7,3
2026-10-01T07:43:20+00:00,ocr_api-ocr_worker_1-1,166.6,1092.6,1333.0,2991.2,7,3
2026-10-01T07:43:20+00:00,ocr_api,0.5,16.9,1333.0,2991.2,7,3
2026-10-01T07:43:20+00:00,ocr_postgres,0.0,20.6,1333.0,2991.2,7,3
2026-10-01T07:43:20+00:00,ocr_redis,0.8,5.8,1333.0,2991.2,7,3
2026-10-01T07:43:20+00:00,ocr_cron,0.0,2.0,1333.0,2991.2,7,3
2026-10-01T07:43:25+00:00,ocr_api-ocr_worker_1-1,278.5,850.0,1566.2,2990.7,7,3
2026-10-01T07:43:25+00:00,ocr_api,0.2,16.9,1566.2,2990.7,7,3
2026-10-01T07:43:25+00:00,ocr_postgres,0.0,20.6,1566.2,2990.7,7,3
2026-10-01T07:43:25+00:00,ocr_redis,0.7,6.1,1566.2,2990.7,7,3
2026-10-01T07:43:25+00:00,ocr_cron,0.0,2.0,1566.2,2990.7,7,3
2026-10-01T07:43:29+00:00,ocr_api-ocr_worker_1-1,268.3,843.4,1443.1,2981.4,7,3
2026-10-01T07:43:29+00:00,ocr_api,0.7,17.5,1443.1,2981.4,7,3
2026-10-01T07:43:29+00:00,ocr_postgres,9.9,20.7,1443.1,2981.4,7,3
2026-10-01T07:43:29+00:00,ocr_redis,0.7,3.1,1443.1,2981.4,7,3
2026-10-01T07:43:29+00:00,ocr_cron,0.0,2.0,1443.1,2981.4,7,3
2026-10-01T07:43:33+00:00,ocr_api-ocr_worker_1-1,247.9,873.0,1616.8,3097.1,7,3
2026-10-01T07:43:33+00:00,ocr_api,0.2,17.5,1616.8,3097.1,7,3
2026-10-01T07:43:33+00:00,ocr_postgres,8.5,21.3,1616.8,3097.1,7,3
2026-10-01T07:43:33+00:00,ocr_redis,0.7,3.1,1616.8,3097.1,7,3
2026-10-01T07:43:33+00:00,ocr_cron,0.0,2.0,1616.8,3097.1,7,3
2026-10-01T07:43:37+00:00,ocr_api-ocr_worker_1-1,258.6,919.7,1652.1,3081.6,7,3
2026-10-01T07:43:37+00:00,ocr_api,0.7,17.5,1652.1,3081.6,7,3
2026-10-01T07:43:37+00:00,ocr_postgres,0.2,21.3,1652.1,3081.6,7,3
2026-10-01T07:43:37+00:00,ocr_redis,0.7,3.1,1652.1,3081.6,7,3
2026-10-01T07:43:37+00:00,ocr_cron,0.0,2.0,1652.1,3081.6,7,3
2026-10-01T07:43:41+00:00,ocr_api-ocr_worker_1-1,227.2,788.7,1531.7,3069.8,7,3
2026-10-01T07:43:41+00:00,ocr_api,0.9,17.5,1531.7,3069.8,7,3
2026-10-01T07:43:41+00:00,ocr_postgres,0.7,21.5,1531.7,3069.8,7,3
2026-10-01T07:43:41+00:00,ocr_redis,0.6,3.1,1531.7,3069.8,7,3
2026-10-01T07:43:41+00:00,ocr_cron,0.0,2.0,1531.7,3069.8,7,3
2026-10-01T07:43:45+00:00,ocr_api-ocr_worker_1-1,176.3,780.5,1667.0,3017.4,7,3
2026-10-01T07:43:45+00:00,ocr_api,0.3,17.5,1667.0,3017.4,7,3
2026-10-01T07:43:45+00:00,ocr_postgres,0.1,21.3,1667.0,3017.4,7,3
2026-10-01T07:43:45+00:00,ocr_redis,0.6,3.1,1667.0,3017.4,7,3
2026-10-01T07:43:45+00:00,ocr_cron,0.0,2.0,1667.0,3017.4,7,3
2026-10-01T07:43:49+00:00,ocr_api-ocr_worker_1-1,114.9,2080.8,1634.1,3014.9,7,3
2026-10-01T07:43:49+00:00,ocr_api,0.5,17.5,1634.1,3014.9,7,3
2026-10-01T07:43:49+00:00,ocr_postgres,0.2,18.2,1634.1,3014.9,7,3
2026-10-01T07:43:49+00:00,ocr_redis,0.9,3.3,1634.1,3014.9,7,3
2026-10-01T07:43:49+00:00,ocr_cron,0.0,2.0,1634.1,3014.9,7,3
2026-10-01T07:43:53+00:00,ocr_api-ocr_worker_1-1,165.7,741.9,1695.5,3162.0,7,3
2026-10-01T07:43:53+00:00,ocr_api,0.5,15.9,1695.5,3162.0,7,3
2026-10-01T07:43:53+00:00,ocr_postgres,9.4,18.7,1695.5,3162.0,7,3
2026-10-01T07:43:53+00:00,ocr_redis,3.9,3.5,1695.5,3162.0,7,3
2026-10-01T07:43:53+00:00,ocr_cron,0.0,2.0,1695.5,3162.0,7,3
2026-10-01T07:43:57+00:00,ocr_api-ocr_worker_1-1,294.9,742.1,1874.7,3158.5,7,3
2026-10-01T07:43:57+00:00,ocr_api,0.6,15.9,1874.7,3158.5,7,3
2026-10-01T07:43:57+00:00,ocr_postgres,0.1,18.6,1874.7,3158.5,7,3
2026-10-01T07:43:57+00:00,ocr_redis,0.7,3.5,1874.7,3158.5,7,3
2026-10-01T07:43:57+00:00,ocr_cron,0.0,2.0,1874.7,3158.5,7,3
2026-10-01T07:44:01+00:00,ocr_api-ocr_worker_1-1,204.8,742.8,1651.5,3146.5,7,3
2026-10-01T07:44:01+00:00,ocr_api,0.4,16.0,1651.5,3146.5,7,3
2026-10-01T07:44:01+00:00,ocr_postgres,0.7,18.6,1651.5,3146.5,7,3
2026-10-01T07:44:01+00:00,ocr_redis,0.8,3.7,1651.5,3146.5,7,3
2026-10-01T07:44:01+00:00,ocr_cron,0.0,2.0,1651.5,3146.5,7,3
2026-10-01T07:44:06+00:00,ocr_api-ocr_worker_1-1,191.3,743.0,1477.1,3142.5,7,3
2026-10-01T07:44:06+00:00,ocr_api,0.7,16.0,1477.1,3142.5,7,3
2026-10-01T07:44:06+00:00,ocr_postgres,0.1,18.6,1477.1,3142.5,7,3
2026-10-01T07:44:06+00:00,ocr_redis,0.7,3.7,1477.1,3142.5,7,3
2026-10-01T07:44:06+00:00,ocr_cron,0.0,2.0,1477.1,3142.5,7,3
2026-10-01T07:44:10+00:00,ocr_api-ocr_worker_1-1,178.0,743.0,1449.5,3140.7,7,3
2026-10-01T07:44:10+00:00,ocr_api,0.4,16.0,1449.5,3140.7,7,3
2026-10-01T07:44:10+00:00,ocr_postgres,6.2,18.6,1449.5,3140.7,7,3
2026-10-01T07:44:10+00:00,ocr_redis,0.7,3.5,1449.5,3140.7,7,3
2026-10-01T07:44:10+00:00,ocr_cron,0.0,2.0,1449.5,3140.7,7,3
2026-10-01T07:44:14+00:00,ocr_api-ocr_worker_1-1,228.1,743.5,1367.2,3139.5,7,3
2026-10-01T07:44:14+00:00,ocr_api,0.7,16.0,1367.2,3139.5,7,3
2026-10-01T07:44:14+00:00,ocr_postgres,0.1,18.6,1367.2,3139.5,7,3
2026-10-01T07:44:14+00:00,ocr_redis,4.4,3.7,1367.2,3139.5,7,3
2026-10-01T07:44:14+00:00,ocr_cron,0.0,2.0,1367.2,3139.5,7,3
2026-10-01T07:44:18+00:00,ocr_api-ocr_worker_1-1,265.3,743.4,1360.8,3139.0,7,3
2026-10-01T07:44:18+00:00,ocr_api,0.8,16.0,1360.8,3139.0,7,3
2026-10-01T07:44:18+00:00,ocr_postgres,0.0,18.6,1360.8,3139.0,7,3
2026-10-01T07:44:18+00:00,ocr_redis,0.8,3.7,1360.8,3139.0,7,3
2026-10-01T07:44:18+00:00,ocr_cron,0.0,2.0,1360.8,3139.0,7,3
2026-10-01T07:44:22+00:00,ocr_api-ocr_worker_1-1,271.5,742.7,500.1,3286.8,7,3
2026-10-01T07:44:22+00:00,ocr_api,0.7,16.0,500.1,3286.8,7,3
2026-10-01T07:44:22+00:00,ocr_postgres,0.3,30.0,500.1,3286.8,7,3
2026-10-01T07:44:22+00:00,ocr_redis,1.0,3.7,500.1,3286.8,7,3
2026-10-01T07:44:22+00:00,ocr_cron,0.0,2.0,500.1,3286.8,7,3
2026-10-01T07:44:26+00:00,ocr_api-ocr_worker_1-1,254.4,679.6,1778.1,3279.5,7,3
2026-10-01T07:44:26+00:00,ocr_api,0.4,16.0,1778.1,3279.5,7,3
2026-10-01T07:44:26+00:00,ocr_postgres,0.1,30.1,1778.1,3279.5,7,3
2026-10-01T07:44:26+00:00,ocr_redis,0.8,3.7,1778.1,3279.5,7,3
2026-10-01T07:44:26+00:00,ocr_cron,0.0,2.0,1778.1,3279.5,7,3
2026-10-01T07:44:30+00:00,ocr_api-ocr_worker_1-1,225.2,705.1,1714.3,3278.8,7,3
2026-10-01T07:44:30+00:00,ocr_api,0.4,16.0,1714.3,3278.8,7,3
2026-10-01T07:44:30+00:00,ocr_postgres,0.1,30.1,1714.3,3278.8,7,3
2026-10-01T07:44:30+00:00,ocr_redis,0.7,3.7,1714.3,3278.8,7,3
2026-10-01T07:44:30+00:00,ocr_cron,0.0,2.0,1714.3,3278.8,7,3
2026-10-01T07:44:34+00:00,ocr_api-ocr_worker_1-1,223.3,713.8,1756.5,3278.3,7,3
2026-10-01T07:44:34+00:00,ocr_api,0.3,16.0,1756.5,3278.3,7,3
2026-10-01T07:44:34+00:00,ocr_postgres,0.1,30.1,1756.5,3278.3,7,3
2026-10-01T07:44:34+00:00,ocr_redis,3.1,4.0,1756.5,3278.3,7,3
2026-10-01T07:44:34+00:00,ocr_cron,0.0,2.0,1756.5,3278.3,7,3
2026-10-01T07:44:38+00:00,ocr_api-ocr_worker_1-1,193.2,756.4,1712.2,3278.0,7,3
2026-10-01T07:44:38+00:00,ocr_api,0.6,16.0,1712.2,3278.0,7,3
2026-10-01T07:44:38+00:00,ocr_postgres,0.0,30.1,1712.2,3278.0,7,3
2026-10-01T07:44:38+00:00,ocr_redis,3.5,3.8,1712.2,3278.0,7,3
2026-10-01T07:44:38+00:00,ocr_cron,0.0,2.0,1712.2,3278.0,7,3
2026-10-01T07:44:42+00:00,ocr_api-ocr_worker_1-1,232.9,705.1,1653.2,3276.8,7,3
2026-10-01T07:44:42+00:00,ocr_api,0.3,16.0,1653.2,3276.8,7,3
2026-10-01T07:44:42+00:00,ocr_postgres,0.0,30.1,1653.2,3276.8,7,3
2026-10-01T07:44:42+00:00,ocr_redis,0.8,4.0,1653.2,3276.8,7,3
2026-10-01T07:44:42+00:00,ocr_cron,0.0,2.0,1653.2,3276.8,7,3
2026-10-01T07:44:47+00:00,ocr_api-ocr_worker_1-1,254.5,783.4,2006.6,3274.3,7,3
2026-10-01T07:44:47+00:00,ocr_api,0.5,16.0,2006.6,3274.3,7,3
2026-10-01T07:44:47+00:00,ocr_postgres,0.1,30.1,2006.6,3274.3,7,3
2026-10-01T07:44:47+00:00,ocr_redis,0.6,3.7,2006.6,3274.3,7,3
2026-10-01T07:44:47+00:00,ocr_cron,0.0,2.0,2006.6,3274.3,7,3
2026-10-01T07:44:51+00:00,ocr_api-ocr_worker_1-1,266.0,723.4,1925.7,3272.3,7,3
2026-10-01T07:44:51+00:00,ocr_api,0.3,16.0,1925.7,3272.3,7,3
2026-10-01T07:44:51+00:00,ocr_postgres,8.4,30.2,1925.7,3272.3,7,3
2026-10-01T07:44:51+00:00,ocr_redis,0.8,3.7,1925.7,3272.3,7,3
2026-10-01T07:44:51+00:00,ocr_cron,0.0,2.0,1925.7,3272.3,7,3
2026-10-01T07:44:55+00:00,ocr_api-ocr_worker_1-1,241.6,760.2,1978.7,3272.0,7,3
2026-10-01T07:44:55+00:00,ocr_api,0.2,16.0,1978.7,3272.0,7,3
2026-10-01T07:44:55+00:00,ocr_postgres,0.0,30.2,1978.7,3272.0,7,3
2026-10-01T07:44:55+00:00,ocr_redis,0.7,4.0,1978.7,3272.0,7,3
2026-10-01T07:44:55+00:00,ocr_cron,0.0,2.0,1978.7,3272.0,7,3
2026-10-01T07:44:59+00:00,ocr_api-ocr_worker_1-1,240.0,705.8,1962.8,3263.3,7,3
2026-10-01T07:44:59+00:00,ocr_api,0.2,16.0,1962.8,3263.3,7,3
2026-10-01T07:44:59+00:00,ocr_postgres,0.1,30.2,1962.8,3263.3,7,3
2026-10-01T07:44:59+00:00,ocr_redis,3.8,3.8,1962.8,3263.3,7,3
2026-10-01T07:44:59+00:00,ocr_cron,0.0,2.0,1962.8,3263.3,7,3
2026-10-01T07:45:03+00:00,ocr_api-ocr_worker_1-1,186.9,707.7,2017.0,3262.3,7,3
2026-10-01T07:45:03+00:00,ocr_api,0.3,16.0,2017.0,3262.3,7,3
2026-10-01T07:45:03+00:00,ocr_postgres,0.0,30.2,2017.0,3262.3,7,3
2026-10-01T07:45:03+00:00,ocr_redis,0.7,3.7,2017.0,3262.3,7,3
2026-10-01T07:45:03+00:00,ocr_cron,70.6,68.0,2017.0,3262.3,7,3
2026-10-01T07:45:07+00:00,ocr_api-ocr_worker_1-1,276.0,770.8,2019.1,3262.3,7,3
2026-10-01T07:45:07+00:00,ocr_api,0.3,16.0,2019.1,3262.3,7,3
2026-10-01T07:45:07+00:00,ocr_postgres,0.0,30.3,2019.1,3262.3,7,3
2026-10-01T07:45:07+00:00,ocr_redis,0.7,4.0,2019.1,3262.3,7,3
2026-10-01T07:45:07+00:00,ocr_cron,0.0,100.8,2019.1,3262.3,7,3
2026-10-01T07:45:11+00:00,ocr_api-ocr_worker_1-1,287.2,725.3,1980.6,3262.0,7,3
2026-10-01T07:45:11+00:00,ocr_api,0.4,16.0,1980.6,3262.0,7,3
2026-10-01T07:45:11+00:00,ocr_postgres,10.3,30.3,1980.6,3262.0,7,3
2026-10-01T07:45:11+00:00,ocr_redis,0.8,4.0,1980.6,3262.0,7,3
2026-10-01T07:45:11+00:00,ocr_cron,0.0,100.8,1980.6,3262.0,7,3
2026-10-01T07:45:15+00:00,ocr_api-ocr_worker_1-1,229.6,707.7,1395.6,3261.8,7,3
2026-10-01T07:45:15+00:00,ocr_api,0.2,16.0,1395.6,3261.8,7,3
2026-10-01T07:45:15+00:00,ocr_postgres,0.0,30.3,1395.6,3261.8,7,3
2026-10-01T07:45:15+00:00,ocr_redis,0.7,4.0,1395.6,3261.8,7,3
2026-10-01T07:45:15+00:00,ocr_cron,0.0,100.8,1395.6,3261.8,7,3
2026-10-01T07:45:19+00:00,ocr_api-ocr_worker_1-1,196.7,707.9,1680.4,3261.3,7,3
2026-10-01T07:45:19+00:00,ocr_api,0.9,16.0,1680.4,3261.3,7,3
2026-10-01T07:45:19+00:00,ocr_postgres,0.1,30.3,1680.4,3261.3,7,3
2026-10-01T07:45:19+00:00,ocr_redis,5.3,4.1,1680.4,3261.3,7,3
2026-10-01T07:45:19+00:00,ocr_cron,0.0,100.8,1680.4,3261.3,7,3
2026-10-01T07:45:23+00:00,ocr_api-ocr_worker_1-1,264.6,708.2,1689.2,3261.0,7,3
2026-10-01T07:45:23+00:00,ocr_api,0.5,16.0,1689.2,3261.0,7,3
2026-10-01T07:45:23+00:00,ocr_postgres,0.1,30.4,1689.2,3261.0,7,3
2026-10-01T07:45:23+00:00,ocr_redis,0.7,4.3,1689.2,3261.0,7,3
2026-10-01T07:45:23+00:00,ocr_cron,0.0,100.8,1689.2,3261.0,7,3
2026-10-01T07:45:27+00:00,ocr_api-ocr_worker_1-1,216.1,727.0,1810.9,3259.3,7,3
2026-10-01T07:45:27+00:00,ocr_api,0.6,16.0,1810.9,3259.3,7,3
2026-10-01T07:45:27+00:00,ocr_postgres,9.4,30.4,1810.9,3259.3,7,3
2026-10-01T07:45:27+00:00,ocr_redis,0.7,4.0,1810.9,3259.3,7,3
2026-10-01T07:45:27+00:00,ocr_cron,0.0,100.8,1810.9,3259.3,7,3
2026-10-01T07:45:32+00:00,ocr_api-ocr_worker_1-1,149.3,1034.2,1096.1,3259.0,7,3
2026-10-01T07:45:32+00:00,ocr_api,0.6,16.9,1096.1,3259.0,7,3
2026-10-01T07:45:32+00:00,ocr_postgres,0.2,17.8,1096.1,3259.0,7,3
2026-10-01T07:45:32+00:00,ocr_redis,0.8,4.3,1096.1,3259.0,7,3
2026-10-01T07:45:32+00:00,ocr_cron,0.0,101.1,1096.1,3259.0,7,3
2026-10-01T07:45:36+00:00,ocr_api-ocr_worker_1-1,319.2,888.3,964.2,3807.0,7,3
2026-10-01T07:45:36+00:00,ocr_api,0.6,15.3,964.2,3807.0,7,3
2026-10-01T07:45:36+00:00,ocr_postgres,0.1,15.5,964.2,3807.0,7,3
2026-10-01T07:45:36+00:00,ocr_redis,0.8,4.1,964.2,3807.0,7,3
2026-10-01T07:45:36+00:00,ocr_cron,0.0,100.7,964.2,3807.0,7,3
2026-10-01T07:45:40+00:00,ocr_api-ocr_worker_1-1,177.4,823.0,2029.3,3698.0,7,3
2026-10-01T07:45:40+00:00,ocr_api,0.4,15.5,2029.3,3698.0,7,3
2026-10-01T07:45:40+00:00,ocr_postgres,0.0,17.9,2029.3,3698.0,7,3
2026-10-01T07:45:40+00:00,ocr_redis,3.8,4.1,2029.3,3698.0,7,3
2026-10-01T07:45:40+00:00,ocr_cron,0.0,100.7,2029.3,3698.0,7,3
2026-10-01T07:45:44+00:00,ocr_api-ocr_worker_1-1,220.8,807.3,1997.0,3466.0,7,3
2026-10-01T07:45:44+00:00,ocr_api,0.6,15.4,1997.0,3466.0,7,3
2026-10-01T07:45:44+00:00,ocr_postgres,0.1,18.2,1997.0,3466.0,7,3
2026-10-01T07:45:44+00:00,ocr_redis,0.7,4.1,1997.0,3466.0,7,3
2026-10-01T07:45:44+00:00,ocr_cron,0.0,100.7,1997.0,3466.0,7,3
