document_number,filename,file_path,file_type,size_bytes,size_kb,size_mb,page_count,worker_id,worker_count,thread_name,thread_id,concurrency_limit,pdf_dpi,ocr_detection_limit_side_len,ocr_recognition_batch_size,ocr_cpu_threads,attempts,successful_attempt,retry_count,start_timestamp,end_timestamp,ocr_wall_time_seconds,average_attempt_wall_time_seconds,cpu_process_time_seconds,average_attempt_cpu_time_seconds,cpu_cores_used,cpu_machine_capacity_percent,logical_cpu_count,ram_before_mb,ram_after_mb,peak_rss_mb,ram_delta_mb,confidence,text_characters,status,error,paddleocr_engine_instances,paddleocr_engine_scope,paddleocr_orientation_models,paddleocr_unwarping_model,paddleocr_textline_orientation
1,ocr_test_01.pdf,/home/mahesh/Documents/OCR_API/test_pdf/ocr_test_01.pdf,application/pdf,1044604,1020.121,0.996212,4,single_worker,1,ocr-slot_0,127965962139200,1,200,960,2,2,1,1,0,2026-10-01T01:42:55.666329+00:00,2026-10-01T01:43:58.244442+00:00,62.578094,62.578094,125.69,125.69,2.00853,25.106629,8,623.871,1152.52,1543.207,528.648,0.997424,5724,success,,1,one benchmark Python process,False,False,False
2,ocr_test_02.pdf,/home/mahesh/Documents/OCR_API/test_pdf/ocr_test_02.pdf,application/pdf,612008,597.664,0.583656,3,single_worker,1,ocr-slot_0,127965962139200,1,200,960,2,2,1,1,0,2026-10-01T01:43:58.246047+00:00,2026-10-01T01:45:02.615311+00:00,64.369251,64.369251,129.36,129.36,2.009655,25.12069,8,1152.52,1202.648,1614.324,50.129,0.973894,4563,success,,1,one benchmark Python process,False,False,False
3,ocr_test_03.pdf,/home/mahesh/Documents/OCR_API/test_pdf/ocr_test_03.pdf,application/pdf,887559,866.757,0.846442,4,single_worker,1,ocr-slot_0,127965962139200,1,200,960,2,2,1,1,0,2026-10-01T01:45:02.617275+00:00,2026-10-01T01:47:13.034148+00:00,130.416858,130.416858,262.86,262.86,2.015537,25.194212,8,1202.648,1193.406,1636.719,-9.242,0.99026,12783,success,,1,one benchmark Python process,False,False,False
4,ocr_test_04.pdf,/home/mahesh/Documents/OCR_API/test_pdf/ocr_test_04.pdf,application/pdf,73465,71.743,0.070062,4,single_worker,1,ocr-slot_0,127965962139200,1,200,960,2,2,1,1,0,2026-10-01T01:47:13.035879+00:00,2026-10-01T01:52:59.923485+00:00,346.887588,346.887588,692.55,692.55,1.996468,24.955851,8,1193.406,1191.621,1640.832,-1.785,0.997421,13170,success,,1,one benchmark Python process,False,False,False
5,ocr_test_05.pdf,/home/mahesh/Documents/OCR_API/test_pdf/ocr_test_05.pdf,application/pdf,15872,15.5,0.015137,4,single_worker,1,ocr-slot_0,127965962139200,1,200,960,2,2,1,1,0,2026-10-01T01:52:59.931675+00:00,2026-10-01T01:54:41.769694+00:00,101.837971,101.837971,201.65,201.65,1.980106,24.751328,8,1191.621,1146.395,1669.211,-45.227,0.989958,2698,success,,1,one benchmark Python process,False,False,False
6,ocr_test_06.pdf,/home/mahesh/Documents/OCR_API/test_pdf/ocr_test_06.pdf,application/pdf,16919,16.522,0.016135,3,single_worker,1,ocr-slot_0,127965962139200,1,200,960,2,2,1,1,0,2026-10-01T01:54:41.773775+00:00,2026-10-01T01:58:05.979885+00:00,204.206079,204.206079,409.19,409.19,2.003809,25.047614,8,1146.395,1205.449,1669.211,59.055,0.992673,7659,success,,1,one benchmark Python process,False,False,False
7,ocr_test_07.pdf,/home/mahesh/Documents/OCR_API/test_pdf/ocr_test_07.pdf,application/pdf,643092,628.02,0.6133,3,single_worker,1,ocr-slot_0,127965962139200,1,200,960,2,2,1,1,0,2026-10-01T01:58:05.988231+00:00,2026-10-01T02:00:50.899482+00:00,164.911204,164.911204,328.63,328.63,1.992769,24.909617,8,1205.449,1329.949,1760.641,124.5,0.992934,5692,success,,1,one benchmark Python process,False,False,False
8,ocr_test_08.pdf,/home/mahesh/Documents/OCR_API/test_pdf/ocr_test_08.pdf,application/pdf,95449,93.212,0.091027,3,single_worker,1,ocr-slot_0,127965962139200,1,200,960,2,2,1,1,0,2026-10-01T02:00:50.910221+00:00,2026-10-01T02:03:00.207275+00:00,129.297015,129.297015,256.89,256.89,1.986821,24.83526,8,1329.949,1437.895,1813.562,107.945,0.996252,4175,success,,1,one benchmark Python process,False,False,False
9,ocr_test_09.pdf,/home/mahesh/Documents/OCR_API/test_pdf/ocr_test_09.pdf,application/pdf,110130,107.549,0.105028,3,single_worker,1,ocr-slot_0,127965962139200,1,200,960,2,2,1,1,0,2026-10-01T02:03:00.215046+00:00,2026-10-01T02:06:53.676551+00:00,233.461459,233.461459,466.09,466.09,1.996432,24.955404,8,1437.895,1371.422,1831.41,-66.473,0.995339,9068,success,,1,one benchmark Python process,False,False,False
10,ocr_test_10.pdf,/home/mahesh/Documents/OCR_API/test_pdf/ocr_test_10.pdf,application/pdf,21701,21.192,0.020696,3,single_worker,1,ocr-slot_0,127965962139200,1,200,960,2,2,1,1,0,2026-10-01T02:06:53.690574+00:00,2026-10-01T02:09:04.885273+00:00,131.194665,131.194665,261.24,261.24,1.99124,24.890494,8,1371.422,1492.129,1846.195,120.707,0.994065,5345,success,,1,one benchmark Python process,False,False,False
